predictor,hla,n,positives,auroc,average_precision
MHCflurry,HLA-A*01:01,40,3,0.8648648648648649,0.3452380952380952
MHCflurry,HLA-A*02:01,207,11,0.7666975881261595,0.14902657769523114
MHCflurry,HLA-A*03:01,63,10,0.7264150943396226,0.4206439901561853
MHCflurry,HLA-A*11:01,30,0,,
MHCflurry,HLA-A*24:02,23,1,0.9545454545454546,0.5
MHCflurry,HLA-A*68:01,24,2,0.9545454545454546,0.5833333333333333
MHCflurry,HLA-B*07:02,17,1,0.25,0.07692307692307693
MHCflurry,HLA-B*08:01,42,1,0.5121951219512195,0.047619047619047616
MHCflurry,HLA-B*27:05,19,1,0.6111111111111112,0.125
MHCflurry,HLA-B*44:02,37,2,0.8714285714285714,0.5909090909090909
MHCflurry,HLA-B*57:01,7,1,0.8333333333333334,0.5
MHCflurry,HLA-C*05:01,7,1,1.0,1.0
MHCflurry,HLA-C*06:02,4,1,0.6666666666666666,0.5
BigMHC,HLA-A*01:01,40,3,0.9459459459459459,0.6805555555555556
BigMHC,HLA-A*02:01,207,11,0.900278293135436,0.3994243193836312
BigMHC,HLA-A*03:01,63,10,0.8301886792452831,0.5449365079365079
BigMHC,HLA-A*11:01,30,0,,
BigMHC,HLA-A*24:02,23,1,0.9545454545454546,0.5
BigMHC,HLA-A*68:01,24,2,0.9318181818181818,0.7
BigMHC,HLA-B*07:02,17,1,0.75,0.2
BigMHC,HLA-B*08:01,42,1,1.0,1.0
BigMHC,HLA-B*27:05,19,1,0.9444444444444444,0.5
BigMHC,HLA-B*44:02,37,2,1.0,1.0
BigMHC,HLA-B*57:01,7,1,1.0,1.0
BigMHC,HLA-C*05:01,7,1,1.0,1.0
BigMHC,HLA-C*06:02,4,1,1.0,1.0
PRIME,HLA-A*01:01,40,3,0.4864864864864865,0.09386724386724385
PRIME,HLA-A*02:01,207,11,0.813543599257885,0.2355486045198446
PRIME,HLA-A*03:01,63,10,0.8037735849056604,0.4449517923596872
PRIME,HLA-A*11:01,30,0,,
PRIME,HLA-A*24:02,23,1,1.0,1.0
PRIME,HLA-A*68:01,24,2,0.9545454545454546,0.5833333333333333
PRIME,HLA-B*07:02,17,1,0.75,0.2
PRIME,HLA-B*08:01,42,1,0.8536585365853658,0.14285714285714285
PRIME,HLA-B*27:05,19,1,0.9444444444444444,0.5
PRIME,HLA-B*44:02,37,2,0.6285714285714286,0.165
PRIME,HLA-B*57:01,7,1,1.0,1.0
PRIME,HLA-C*05:01,7,1,0.5,0.25
PRIME,HLA-C*06:02,4,1,0.6666666666666666,0.5
