record_id,benchmark_label,exact_peptide_hla_in_prime2_train,peptide_in_prime2_train,matched_training_labels,prime2_random_flag,exact_bigmhc_im_trainval_overlap,classification
tesla-616f27a10aa0f05f,0,1,1,0,0,1,exact_label_concordant
tesla-f2dcca675aedb8d9,0,1,1,0,0,1,exact_label_concordant
tesla-aaa94ca70f0c0a65,1,1,1,1,0,1,exact_label_concordant
tesla-2a07c22ef7cba611,0,1,1,0,0,1,exact_label_concordant
tesla-8c5ece8252b99aa7,0,1,1,0,0,1,exact_label_concordant
tesla-4b12f50397023800,0,1,1,0,0,1,exact_label_concordant
tesla-002a691a3e3cd93b,0,1,1,0,0,1,exact_label_concordant
tesla-3bb52604654d65a5,0,1,1,0,0,1,exact_label_concordant
tesla-6a90e2fbfe007e02,0,1,1,0,0,1,exact_label_concordant
tesla-0560014b5277bae4,1,1,1,1,0,1,exact_label_concordant
tesla-41434cd8ade6f2e5,0,1,1,0,0,1,exact_label_concordant
tesla-6ac7e4f40ed372b5,0,1,1,0,0,1,exact_label_concordant
tesla-3438dd9a2f8537cc,0,1,1,0,0,1,exact_label_concordant
tesla-abd287fe778ca178,0,1,1,0,0,1,exact_label_concordant
tesla-d876d75dcd17e205,1,1,1,1,0,1,exact_label_concordant
tesla-21b1e02f2206dc6c,0,1,1,0,0,1,exact_label_concordant
tesla-b1ce97b5544c383d,0,1,1,0,0,1,exact_label_concordant
tesla-674c45dad6c7db3e,0,1,1,0,0,1,exact_label_concordant
tesla-116e5eb351521276,0,1,1,0,0,1,exact_label_concordant
tesla-27cc5024bdc42cde,0,1,1,0,0,1,exact_label_concordant
tesla-8f0e99e949133f17,1,1,1,1,0,1,exact_label_concordant
tesla-82e45c203a3bcfc7,1,1,1,1,0,1,exact_label_concordant
tesla-25d2eff6bdee7d10,0,1,1,0,0,1,exact_label_concordant
tesla-a5a1c8d48997afb2,1,1,1,1,0,1,exact_label_concordant
tesla-da4640a408388083,0,1,1,0,0,1,exact_label_concordant
tesla-336997ed4cf1d67d,0,1,1,0,0,1,exact_label_concordant
tesla-e7d4e259d51c103a,0,1,1,0,0,1,exact_label_concordant
tesla-83dc7d0223c0fa2a,0,1,1,0,0,1,exact_label_concordant
tesla-fe561a9591e09d2d,0,1,1,0,0,1,exact_label_concordant
tesla-01fb1dcf2e5db5ba,0,1,1,0,0,1,exact_label_concordant
tesla-736fbb66baa1e5f3,0,1,1,0,0,1,exact_label_concordant
tesla-0a4a6459a0de4168,0,1,1,0,0,1,exact_label_concordant
tesla-a74e5cd3483401b9,0,1,1,0,0,1,exact_label_concordant
tesla-7d00c11e73b47e7f,0,1,1,0,0,1,exact_label_concordant
tesla-762d858f10d3866b,0,1,1,0,0,1,exact_label_concordant
tesla-b4938af023ea1673,0,1,1,0,0,1,exact_label_concordant
tesla-17680e7afc1bea93,0,1,1,0,0,1,exact_label_concordant
tesla-2233326548b61aa6,0,1,1,0,0,1,exact_label_concordant
tesla-ff1612b7384ab4dd,0,1,1,0,0,1,exact_label_concordant
tesla-d53377c149055aa5,0,1,1,0,0,1,exact_label_concordant
tesla-757d7e4ff453f62b,0,1,1,0,0,1,exact_label_concordant
tesla-e91168e4291a605e,0,1,1,0,0,1,exact_label_concordant
tesla-094c84ffae1dad30,0,1,1,0,0,1,exact_label_concordant
tesla-92dc7f94d479cfd8,0,1,1,0,0,1,exact_label_concordant
tesla-3a11b33b31854db1,0,1,1,0,0,1,exact_label_concordant
tesla-043642e747ec0ae6,1,1,1,1,0,1,exact_label_concordant
tesla-c2a5ca55fc704fb5,0,1,1,0,0,1,exact_label_concordant
tesla-5b7d93bbb1483902,0,1,1,0,0,1,exact_label_concordant
tesla-c7b1b1d19fca3296,0,1,1,0,0,1,exact_label_concordant
tesla-3e8678d57597be72,0,1,1,0,0,1,exact_label_concordant
tesla-ad1165c60777d4d5,0,1,1,0,0,1,exact_label_concordant
tesla-122798807b87fa7c,0,1,1,0,0,1,exact_label_concordant
tesla-fd148449f5f5a274,0,1,1,0,0,1,exact_label_concordant
tesla-a1226d352df69cdf,0,1,1,0,0,1,exact_label_concordant
tesla-60a47fa115eec5c1,0,1,1,0,0,1,exact_label_concordant
tesla-a0a36401dc9c1279,0,1,1,0,0,1,exact_label_concordant
tesla-138a7da522432950,0,1,1,0,0,1,exact_label_concordant
tesla-8dae54f83bb22934,0,1,1,0,0,1,exact_label_concordant
tesla-fdc53556a90bf9b6,0,1,1,0,0,1,exact_label_concordant
tesla-5f39b09d538f93ab,0,1,1,0,0,1,exact_label_concordant
tesla-cc1bdf16d4b3df17,0,1,1,0,0,1,exact_label_concordant
tesla-9355edea8b417e96,0,1,1,0,0,1,exact_label_concordant
tesla-1d05186c82d7addd,0,1,1,0,0,1,exact_label_concordant
tesla-f6505b9fc8747cc0,0,1,1,0,0,1,exact_label_concordant
tesla-fbf4a9929b22a019,0,1,1,0,0,1,exact_label_concordant
tesla-b882dc358947b0a1,1,1,1,1,0,1,exact_label_concordant
tesla-5b0924e0b59db559,0,1,1,0,0,1,exact_label_concordant
tesla-b06432164cbf4168,0,1,1,0,0,1,exact_label_concordant
tesla-dca66a2387d7634d,0,1,1,0,0,1,exact_label_concordant
tesla-8e4c4fdb25c716e3,0,1,1,0,0,1,exact_label_concordant
tesla-357876cd834234e2,0,1,1,0,0,1,exact_label_concordant
tesla-bea5c8ffa61a880b,0,1,1,0,0,1,exact_label_concordant
tesla-6cecfb1cffa11176,0,1,1,0,0,1,exact_label_concordant
tesla-8c88fc67e7221073,0,1,1,0,0,1,exact_label_concordant
tesla-5b6f822d911e0134,0,1,1,0,0,1,exact_label_concordant
tesla-519e959be5dda3a4,0,1,1,0,0,1,exact_label_concordant
tesla-5945a265ace31a75,0,1,1,0,0,1,exact_label_concordant
tesla-b9443cd1697dec23,0,1,1,0,0,1,exact_label_concordant
tesla-7b518c43687a6787,0,1,1,0,0,1,exact_label_concordant
tesla-a330a4ca2dfedf72,0,1,1,0,0,1,exact_label_concordant
tesla-ff913064a135277d,1,1,1,1,0,1,exact_label_concordant
tesla-dcb4b7a6d154b1b2,0,1,1,0,0,1,exact_label_concordant
tesla-fa74d97b31e5ab38,0,1,1,0,0,1,exact_label_concordant
tesla-08f3b3eb2d029098,1,1,1,1,0,1,exact_label_concordant
tesla-f2a033907dea1a77,0,1,1,0,0,1,exact_label_concordant
tesla-cd72a9710ffb0331,0,1,1,0,0,1,exact_label_concordant
tesla-15d878de54dfa6bf,0,1,1,0,0,1,exact_label_concordant
tesla-707eb38101757d13,0,1,1,0,0,1,exact_label_concordant
tesla-7ee2680775e0f087,0,1,1,0,0,1,exact_label_concordant
tesla-884de2e1da442dc6,0,1,1,0,0,1,exact_label_concordant
tesla-ff3b7b4ff8a1bba1,0,1,1,0,0,1,exact_label_concordant
tesla-96b058801c4154ef,0,1,1,0,0,1,exact_label_concordant
tesla-dd84e5b169378f53,0,1,1,0,0,1,exact_label_concordant
tesla-8fb3114d4994e26c,0,1,1,0,0,1,exact_label_concordant
tesla-021f03fe576d86f9,0,1,1,0,0,1,exact_label_concordant
tesla-63b1c974481b148b,0,1,1,0,0,1,exact_label_concordant
tesla-981e28248f9246f2,0,1,1,0,0,1,exact_label_concordant
tesla-ef58c8b33e6212bf,0,1,1,0,0,1,exact_label_concordant
tesla-6d3804fd6d93af64,0,1,1,0,0,1,exact_label_concordant
tesla-be6a2b03385c184e,0,1,1,0,0,1,exact_label_concordant
tesla-f5731d778d7a0ce0,0,1,1,0,0,1,exact_label_concordant
tesla-29765fd7849aba80,0,1,1,0,0,1,exact_label_concordant
tesla-88e196ffd97f684f,0,1,1,0,0,1,exact_label_concordant
tesla-39300fd8999b35be,0,1,1,0,0,1,exact_label_concordant
tesla-37d9e1823cbcb557,0,1,1,0,0,1,exact_label_concordant
tesla-9dfc6d2ea04c61b8,0,1,1,0,0,1,exact_label_concordant
tesla-05bfe8a4d4ecda24,0,1,1,0,0,1,exact_label_concordant
tesla-d8c52f9f1b1de019,0,1,1,0,0,1,exact_label_concordant
tesla-40dc749ac30165d3,0,1,1,0,0,1,exact_label_concordant
tesla-c386239f2963d9f0,0,1,1,0,0,1,exact_label_concordant
tesla-10982ef2ecc4c390,0,1,1,0,0,1,exact_label_concordant
tesla-f41b6caf8bdbd160,0,1,1,0,0,1,exact_label_concordant
tesla-8f91df273d3e736f,0,1,1,0,0,1,exact_label_concordant
tesla-bb9ef4d56904c047,0,1,1,0,0,1,exact_label_concordant
tesla-a809fdcd4d9b2995,0,1,1,0,0,1,exact_label_concordant
tesla-5009f7745e445ae4,0,1,1,0,0,1,exact_label_concordant
tesla-7cd83bec265b9523,0,1,1,0,0,1,exact_label_concordant
tesla-f244e81c48788c61,0,1,1,0,0,1,exact_label_concordant
tesla-2dc3d4ca3466a72c,0,1,1,0,0,1,exact_label_concordant
tesla-178a7a3aecd9f360,0,1,1,0,0,1,exact_label_concordant
tesla-8842a802396bf3c0,0,1,1,0,0,1,exact_label_concordant
tesla-670ed7e83f5470a2,0,1,1,0,0,1,exact_label_concordant
tesla-0488fc73b2db3f3d,0,1,1,0,0,1,exact_label_concordant
tesla-19d77c44af507ccd,0,1,1,0,0,1,exact_label_concordant
tesla-08c9663aad176deb,0,1,1,0,0,1,exact_label_concordant
tesla-bca6031992e8fbcd,0,1,1,0,0,1,exact_label_concordant
tesla-ebcb63737f9e72b7,0,1,1,0,0,1,exact_label_concordant
tesla-40bf3bc2f438636a,0,1,1,0,0,1,exact_label_concordant
tesla-768fc8a00b2d1d2b,0,1,1,0,0,1,exact_label_concordant
tesla-c6d598fbf345248d,0,1,1,0,0,1,exact_label_concordant
tesla-477064c9b5a26b31,0,1,1,0,0,1,exact_label_concordant
tesla-3f03c2e5a712aa14,0,1,1,0,0,1,exact_label_concordant
tesla-a32b92f527366cf3,1,1,1,1,0,1,exact_label_concordant
tesla-b1dba6429e4579c3,0,1,1,0,0,1,exact_label_concordant
tesla-4d575877c20eb95f,0,1,1,0,0,1,exact_label_concordant
tesla-a2b35a52907aa824,1,1,1,1,0,1,exact_label_concordant
tesla-743ba95af68ca932,0,1,1,0,0,1,exact_label_concordant
tesla-487cef6fa5560e41,0,1,1,0,0,1,exact_label_concordant
tesla-bbf31bdc95777ce9,0,1,1,0,0,1,exact_label_concordant
tesla-cea86752ce437511,0,1,1,0,0,1,exact_label_concordant
tesla-6cb53c2487b004e6,0,1,1,0,0,1,exact_label_concordant
tesla-386f16e3c74012d9,0,1,1,0,0,1,exact_label_concordant
tesla-2dd5563a70fcfc07,0,1,1,0,0,1,exact_label_concordant
tesla-0a1f912ea1c28d50,0,1,1,0,0,1,exact_label_concordant
tesla-7bb49170c1d6bff8,0,1,1,0,0,1,exact_label_concordant
tesla-52b412d560f7e900,0,1,1,0,0,1,exact_label_concordant
tesla-9fbec40b6b932c2d,1,1,1,1,0,1,exact_label_concordant
tesla-aee9f7a0ae659ec8,0,1,1,0,0,1,exact_label_concordant
tesla-b53244d3088b4cf0,0,1,1,0,0,1,exact_label_concordant
tesla-502e0e4ef0e6c777,0,1,1,0,0,1,exact_label_concordant
tesla-711e7034b07ed89b,0,1,1,0,0,1,exact_label_concordant
tesla-fd4d59346074b4c9,0,1,1,0,0,1,exact_label_concordant
tesla-b88c622bb0a03534,0,1,1,0,0,1,exact_label_concordant
tesla-d81b7a82c21aa79e,0,1,1,0,0,1,exact_label_concordant
tesla-5637786164fc4bce,0,1,1,0,0,1,exact_label_concordant
tesla-949065e1f253fc96,0,1,1,0,0,1,exact_label_concordant
tesla-d9914b684e7d427f,0,1,1,0,0,1,exact_label_concordant
tesla-d3e08d3798e9d81b,0,1,1,0,0,1,exact_label_concordant
tesla-9207108c2ae6acf8,0,1,1,0,0,1,exact_label_concordant
tesla-530261c459ee0a2c,0,1,1,0,0,1,exact_label_concordant
tesla-4407412b1c9c9690,0,1,1,0,0,1,exact_label_concordant
tesla-006675f14b50a976,0,1,1,0,0,1,exact_label_concordant
tesla-b139df5128801fcb,0,1,1,0,0,1,exact_label_concordant
tesla-d7db8cd063a95dce,0,1,1,0,0,1,exact_label_concordant
tesla-3612b043abcc40ed,0,1,1,0,0,1,exact_label_concordant
tesla-523e16e0a507e84a,0,1,1,0,0,1,exact_label_concordant
tesla-3c2d54765a409a86,0,1,1,0,0,1,exact_label_concordant
tesla-9c8e8cde5e3906a8,0,1,1,0,0,1,exact_label_concordant
tesla-94b9b04acc7f6b6b,0,1,1,0,0,1,exact_label_concordant
tesla-c8522577e24d932d,0,1,1,0,0,1,exact_label_concordant
tesla-c57f99564709f058,0,1,1,0,0,1,exact_label_concordant
tesla-88912e6c31fd5b42,0,1,1,0,0,1,exact_label_concordant
tesla-00b09145723c594a,0,1,1,0,0,1,exact_label_concordant
tesla-0e7b753619899870,0,1,1,0,0,1,exact_label_concordant
tesla-1a6d78b250a1875f,0,1,1,0,0,1,exact_label_concordant
tesla-7f29bdf3d8eba86b,0,1,1,0,0,1,exact_label_concordant
tesla-f0b2b43c701ee888,0,1,1,0,0,1,exact_label_concordant
tesla-95235f2880c56f3e,0,1,1,0,0,1,exact_label_concordant
tesla-ea400f0301c730ea,0,1,1,0,0,1,exact_label_concordant
tesla-64d78323c3eb4fb8,0,1,1,0,0,1,exact_label_concordant
tesla-f7c927a05af6edbb,0,1,1,0,0,1,exact_label_concordant
tesla-496b2f43aec7dc31,0,1,1,0,0,1,exact_label_concordant
tesla-3f63ddf74dfae575,1,1,1,1,0,1,exact_label_concordant
tesla-662fff53df039ca1,0,1,1,0,0,1,exact_label_concordant
tesla-329cd7d606d663d6,0,1,1,0,0,1,exact_label_concordant
tesla-c91d2ae56f8c298e,0,1,1,0,0,1,exact_label_concordant
tesla-6f41b7116613d4ac,0,1,1,0,0,1,exact_label_concordant
tesla-283e85b3ebe4d669,0,1,1,0,0,1,exact_label_concordant
tesla-9ee2e3da26c7dfb4,0,1,1,0,0,1,exact_label_concordant
tesla-1076f25cfd7ede75,0,1,1,0,0,1,exact_label_concordant
tesla-600f5d0428e2fb75,0,1,1,0,0,1,exact_label_concordant
tesla-e546f6c3107d4c9e,0,1,1,0,0,1,exact_label_concordant
tesla-cdc9a36b348425a3,0,1,1,0,0,1,exact_label_concordant
tesla-1bd413be788873be,0,1,1,0,0,1,exact_label_concordant
tesla-f37e6bdca1f8d8cb,0,1,1,0,0,1,exact_label_concordant
tesla-dc5d545fc67f4abc,0,1,1,0,0,1,exact_label_concordant
tesla-4673a647cd48d811,0,1,1,0,0,1,exact_label_concordant
tesla-29468efdd22ae4be,0,1,1,0,0,1,exact_label_concordant
tesla-754c8549b59a8807,0,1,1,0,0,1,exact_label_concordant
tesla-93c62db265f0fb6c,0,1,1,0,0,1,exact_label_concordant
tesla-d1058235789bbd50,0,1,1,0,0,1,exact_label_concordant
tesla-95ff120c92075767,0,1,1,0,0,1,exact_label_concordant
tesla-c58342ee1466872c,0,1,1,0,0,1,exact_label_concordant
tesla-26683cdc2b1d8c07,0,1,1,0,0,1,exact_label_concordant
tesla-d9e886fed17477a7,0,1,1,0,0,1,exact_label_concordant
tesla-bc1b500cc5b2eb68,0,1,1,0,0,1,exact_label_concordant
tesla-7eb2fd7a945f88ee,0,1,1,0,0,1,exact_label_concordant
tesla-78c0cf081a7636c0,0,1,1,0,0,1,exact_label_concordant
tesla-4866a5cef8927c73,0,1,1,0,0,1,exact_label_concordant
tesla-dd8865f89dd1621b,1,1,1,1,0,1,exact_label_concordant
tesla-7a968edac5bd3f32,0,1,1,0,0,1,exact_label_concordant
tesla-db1e67feda020d59,0,1,1,0,0,1,exact_label_concordant
tesla-a8f20a51ad5a9396,0,1,1,0,0,1,exact_label_concordant
tesla-3b7e035b06b8cd67,0,1,1,0,0,1,exact_label_concordant
tesla-ca108247777a3d7e,0,1,1,0,0,1,exact_label_concordant
tesla-a9106bc2c7dbbf7b,1,1,1,1,0,1,exact_label_concordant
tesla-670d9e5a04e64dbd,0,1,1,0,0,1,exact_label_concordant
tesla-3c5911df901adda8,0,1,1,0,0,1,exact_label_concordant
tesla-811451a25730b20f,0,1,1,0,0,1,exact_label_concordant
tesla-94a43fa5863a4ca5,0,1,1,0,0,1,exact_label_concordant
tesla-b015954bcb3f6586,0,1,1,0,0,1,exact_label_concordant
tesla-0ff4e3192dbefaa4,0,1,1,0,0,1,exact_label_concordant
tesla-3f63b8b609ca7634,0,1,1,0,0,1,exact_label_concordant
tesla-9726ba3d6109f2ba,0,1,1,0,0,1,exact_label_concordant
tesla-80bc767be73ea1bc,0,1,1,0,0,1,exact_label_concordant
tesla-e094bd2dd2002cb6,0,1,1,0,0,1,exact_label_concordant
tesla-ea7b82a492500220,0,1,1,0,0,1,exact_label_concordant
tesla-4e86b6bb1f2ece6b,0,1,1,0,0,1,exact_label_concordant
tesla-ba8a86ac124857a4,0,1,1,0,0,1,exact_label_concordant
tesla-ab3edd194a545c61,0,1,1,0,0,1,exact_label_concordant
tesla-d09363e761d27d4c,0,1,1,0,0,1,exact_label_concordant
tesla-b80dff439d03b064,0,1,1,0,0,1,exact_label_concordant
tesla-e065917829b11d53,0,1,1,0,0,1,exact_label_concordant
tesla-c8b0427e2ffa9867,0,1,1,0,0,1,exact_label_concordant
tesla-36618512c4bd0114,0,1,1,0,0,1,exact_label_concordant
tesla-b7e360cb0fa71994,0,1,1,0,0,1,exact_label_concordant
tesla-a95e798d80c71465,0,1,1,0,0,1,exact_label_concordant
tesla-8046d855b64052a7,0,1,1,0,0,1,exact_label_concordant
tesla-84c7b16cf792391c,0,1,1,0,0,1,exact_label_concordant
tesla-2be8de7073fe63f1,0,1,1,0,0,1,exact_label_concordant
tesla-db72265eb5b72816,0,1,1,0,0,1,exact_label_concordant
tesla-a7d1007d32877185,0,1,1,0,0,1,exact_label_concordant
tesla-fb30a985337df862,0,1,1,0,0,1,exact_label_concordant
tesla-51ccc55c8bbd3602,0,1,1,0,0,1,exact_label_concordant
tesla-b345366e4aa607b0,0,1,1,0,0,1,exact_label_concordant
tesla-88fc31a0e1213b19,0,1,1,0,0,1,exact_label_concordant
tesla-3a214d74eb79bc50,0,1,1,0,0,1,exact_label_concordant
tesla-77cb58ab81bb789d,0,1,1,0,0,1,exact_label_concordant
tesla-e6d913e93ea433e3,0,1,1,0,0,1,exact_label_concordant
tesla-d3aac9df8960d51d,0,1,1,0,0,1,exact_label_concordant
tesla-6739d2cdf2b72f67,0,1,1,0,0,1,exact_label_concordant
tesla-267f84de8eb4961a,0,1,1,0,0,1,exact_label_concordant
tesla-db90ce62c76c03c8,0,1,1,0,0,1,exact_label_concordant
tesla-1b775d7f748f9ab5,1,1,1,1,0,1,exact_label_concordant
tesla-7ae75dc4d93086dc,0,1,1,0,0,1,exact_label_concordant
tesla-57d1ead662a3fe24,0,1,1,0,0,1,exact_label_concordant
tesla-d830cdc4c29bcfc1,0,1,1,0,0,1,exact_label_concordant
tesla-d3d67e792d98f313,0,1,1,0,0,1,exact_label_concordant
tesla-ccfe8ac3891db90e,0,1,1,0,0,1,exact_label_concordant
tesla-829a571f587a3c3f,0,1,1,0,0,1,exact_label_concordant
tesla-f83a9d7c438d1027,0,1,1,0,0,1,exact_label_concordant
tesla-0bbddcf324b2978c,0,1,1,0,0,1,exact_label_concordant
tesla-164364ad91e7a290,0,1,1,0,0,1,exact_label_concordant
tesla-fb8280028d8f818e,0,1,1,0,0,1,exact_label_concordant
tesla-869d556b03be6cd0,0,1,1,0,0,1,exact_label_concordant
tesla-49cd7b2abb10c0ef,0,1,1,0,0,1,exact_label_concordant
tesla-c43a2270ef0c5c8b,0,1,1,0,0,1,exact_label_concordant
tesla-abd4aaf37dce636b,0,1,1,0,0,1,exact_label_concordant
tesla-aa03903f30887ce9,0,1,1,0,0,1,exact_label_concordant
tesla-870ff574debe3307,0,1,1,0,0,1,exact_label_concordant
tesla-680f8ac3a0ef9f47,0,1,1,0,0,1,exact_label_concordant
tesla-82fe38cdb498ef4e,0,1,1,0,0,1,exact_label_concordant
tesla-488fbb6c195b50cf,0,1,1,0,0,1,exact_label_concordant
tesla-39f79a604e86ec51,0,1,1,0,0,1,exact_label_concordant
tesla-9ec3c4daae20bf1e,0,1,1,0,0,1,exact_label_concordant
tesla-2ff8e385f1b61e52,0,1,1,0,0,1,exact_label_concordant
tesla-58d6d7843dafc8e7,0,1,1,0,0,1,exact_label_concordant
tesla-3bae7292109664bf,0,1,1,0,0,1,exact_label_concordant
tesla-213e622b14a989c2,0,1,1,0,0,1,exact_label_concordant
tesla-6e0f0b48718ff145,0,1,1,0,0,1,exact_label_concordant
tesla-4df10d27bdbe5363,0,1,1,0,0,1,exact_label_concordant
tesla-bb86bf68c08e0751,0,1,1,0,0,1,exact_label_concordant
tesla-65b298954ee124e5,0,1,1,0,0,1,exact_label_concordant
tesla-4f244b7fd0bba28a,0,1,1,0,0,1,exact_label_concordant
tesla-af3cf43c46458c15,0,1,1,0,0,1,exact_label_concordant
tesla-bc5e38248c727a53,0,1,1,0,0,1,exact_label_concordant
tesla-893607445eff978d,0,1,1,0,0,1,exact_label_concordant
tesla-50599d2695c34b24,0,1,1,0,0,1,exact_label_concordant
tesla-d05881069f8cb92b,1,1,1,1,0,1,exact_label_concordant
tesla-a4a84f223c699d2e,0,1,1,0,0,1,exact_label_concordant
tesla-13e8c2c513146a41,0,1,1,0,0,1,exact_label_concordant
tesla-31bc9124d6ead903,0,1,1,0,0,1,exact_label_concordant
tesla-076da5179e881e07,0,1,1,0,0,1,exact_label_concordant
tesla-d0ffa2653b412ba8,0,1,1,0,0,1,exact_label_concordant
tesla-4659342a3c392e69,0,1,1,0,0,1,exact_label_concordant
tesla-a204ab0dd59a3b03,0,1,1,0,0,1,exact_label_concordant
tesla-0e479537c5873995,0,1,1,0,0,1,exact_label_concordant
tesla-6e7520a72ef497a9,0,1,1,0,0,1,exact_label_concordant
tesla-33b3bd20c15a56a5,0,1,1,0,0,1,exact_label_concordant
tesla-63383b682eb2a0c8,0,1,1,0,0,1,exact_label_concordant
tesla-12b2081c2b2b347e,0,1,1,0,0,1,exact_label_concordant
tesla-1ca1e23adb877b28,0,1,1,0,0,1,exact_label_concordant
tesla-0f55211d5beb939e,0,1,1,0,0,1,exact_label_concordant
tesla-511424736753a653,0,1,1,0,0,1,exact_label_concordant
tesla-acf3c8f0e4b822c1,0,1,1,0,0,1,exact_label_concordant
tesla-7ebc2601e9937f74,0,1,1,0,0,1,exact_label_concordant
tesla-a82f47712095e8a1,0,1,1,0,0,1,exact_label_concordant
tesla-c6b830eaed639a73,0,1,1,0,0,1,exact_label_concordant
tesla-3007b5fb49470cd5,0,1,1,0,0,1,exact_label_concordant
tesla-ce70d5c6880688a9,0,1,1,0,0,1,exact_label_concordant
tesla-b89f4510aaba90cb,0,1,1,0,0,1,exact_label_concordant
tesla-a9e22f9801f5c782,0,1,1,0,0,1,exact_label_concordant
tesla-0e7b6b45fd457aa9,0,1,1,0,0,1,exact_label_concordant
tesla-398d7e1fa42a0acc,0,1,1,0,0,1,exact_label_concordant
tesla-6ae7037c43b6009f,0,1,1,0,0,1,exact_label_concordant
tesla-7137553b408d0932,0,1,1,0,0,1,exact_label_concordant
tesla-efa147c7cc9a823b,0,1,1,0,0,1,exact_label_concordant
tesla-64ec3ccf9d2b2b30,0,1,1,0,0,1,exact_label_concordant
tesla-970a7357bf9b09ef,0,1,1,0,0,1,exact_label_concordant
tesla-49ee2e7e8707c6ff,0,1,1,0,0,1,exact_label_concordant
tesla-eddf97f50032e38f,0,1,1,0,0,1,exact_label_concordant
tesla-fa3efc8901c472a8,0,1,1,0,0,1,exact_label_concordant
tesla-938bc208ad1598d9,0,1,1,0,0,1,exact_label_concordant
tesla-3670ee78d7b8417b,0,1,1,0,0,1,exact_label_concordant
tesla-172f1a0dfb599fb4,0,1,1,0,0,1,exact_label_concordant
tesla-fa15fe24fa5cb3a5,0,1,1,0,0,1,exact_label_concordant
tesla-bd131cb9f753fddd,0,1,1,0,0,1,exact_label_concordant
tesla-8c7cd7a32a5fdf1f,0,1,1,0,0,1,exact_label_concordant
tesla-51fbc88348f9cb0f,0,1,1,0,0,1,exact_label_concordant
tesla-2e51b31d99d00310,0,1,1,0,0,1,exact_label_concordant
tesla-26e79b660ed988e2,0,1,1,0,0,1,exact_label_concordant
tesla-914001b771974f7c,0,1,1,0,0,1,exact_label_concordant
tesla-0999479f810e534c,0,1,1,0,0,1,exact_label_concordant
tesla-f7e9d8e0a691fdaa,0,1,1,0,0,1,exact_label_concordant
tesla-f353d7b1f328c9db,1,1,1,1,0,1,exact_label_concordant
tesla-91077326e26e8cc7,0,1,1,0,0,1,exact_label_concordant
tesla-ca5ebbe868a48bb0,0,1,1,0,0,1,exact_label_concordant
tesla-7962fc391826ef19,0,1,1,0,0,1,exact_label_concordant
tesla-8b03fc0bfa560b08,0,1,1,0,0,1,exact_label_concordant
tesla-23a7245cfc7c630d,0,1,1,0,0,1,exact_label_concordant
tesla-c6e12a1f50fc3c5b,1,1,1,1,0,1,exact_label_concordant
tesla-3d1030c872228db9,0,1,1,0,0,1,exact_label_concordant
tesla-f2567604d699585b,0,1,1,0,0,1,exact_label_concordant
tesla-52ad29d394722cf5,0,1,1,0,0,1,exact_label_concordant
tesla-a0f441a41c35139b,0,1,1,0,0,1,exact_label_concordant
tesla-7622a4d4d16abcfb,0,1,1,0,0,1,exact_label_concordant
tesla-8f4aff001134adba,0,1,1,0,0,1,exact_label_concordant
tesla-b1eb61a63109d519,0,1,1,0,0,1,exact_label_concordant
tesla-c47746dd40e549e8,0,1,1,0,0,1,exact_label_concordant
tesla-3e22854f0db9b1d3,0,1,1,0,0,1,exact_label_concordant
tesla-9005293d83ee600f,0,1,1,0,0,1,exact_label_concordant
tesla-e515f3967f0e7152,0,1,1,0,0,1,exact_label_concordant
tesla-30197803d25aedf2,0,1,1,0,0,1,exact_label_concordant
tesla-84d82b10b844cd28,0,1,1,0,0,1,exact_label_concordant
tesla-518a79d42a5c8012,0,1,1,0,0,1,exact_label_concordant
tesla-302f50bd0860b998,0,1,1,0,0,1,exact_label_concordant
tesla-f20d0cf73bb54eaf,0,1,1,0,0,1,exact_label_concordant
tesla-002df903f1597c6a,0,1,1,0,0,1,exact_label_concordant
tesla-02f5c575c30d3f3f,0,1,1,0,0,1,exact_label_concordant
tesla-d2c97ff362558ec4,0,1,1,0,0,1,exact_label_concordant
tesla-2aa49e53e54a9257,1,1,1,1,0,1,exact_label_concordant
tesla-3e9e8acace5e0ed1,0,1,1,0,0,1,exact_label_concordant
tesla-c010afedceec59f7,0,1,1,0,0,1,exact_label_concordant
tesla-1399aa93f8c4b4d4,0,1,1,0,0,1,exact_label_concordant
tesla-3570b3e86f24b307,0,1,1,0,0,1,exact_label_concordant
tesla-abdc8e22eb8a6090,0,1,1,0,0,1,exact_label_concordant
tesla-c2f49b98b2d4e291,0,1,1,0,0,1,exact_label_concordant
tesla-899bc1097631e3d3,0,1,1,0,0,1,exact_label_concordant
tesla-79df8a2357f51008,0,1,1,0,0,1,exact_label_concordant
tesla-8c58e2dc1c37abab,1,1,1,1,0,1,exact_label_concordant
tesla-cebbbcaf86a17c99,0,1,1,0,0,1,exact_label_concordant
tesla-413c3a68c932c424,0,1,1,0,0,1,exact_label_concordant
tesla-44f8a2f62f3dcedb,0,1,1,0,0,1,exact_label_concordant
tesla-e7351108a11cd491,0,1,1,0,0,1,exact_label_concordant
tesla-a96e43e004e9fb45,0,1,1,0,0,1,exact_label_concordant
tesla-f596903dcbce8d17,0,1,1,0,0,1,exact_label_concordant
tesla-6ec43521112e60dd,0,1,1,0,0,1,exact_label_concordant
tesla-abfc583e4340d0d3,0,1,1,0,0,1,exact_label_concordant
tesla-701547bae65e35fc,0,1,1,0,0,1,exact_label_concordant
tesla-d30ba1fe7fcf7d87,0,1,1,0,0,1,exact_label_concordant
tesla-2e1f1adaa2c3742d,0,1,1,0,0,1,exact_label_concordant
tesla-a5d9aa9ff16f4ca2,0,1,1,0,0,1,exact_label_concordant
tesla-ac874e5ad5d599f7,1,1,1,1,0,1,exact_label_concordant
tesla-ca9517ed687aa79b,0,1,1,0,0,1,exact_label_concordant
tesla-fe23039966c3825a,0,1,1,0,0,1,exact_label_concordant
tesla-d3c1f6692f9408bd,0,1,1,0,0,1,exact_label_concordant
tesla-e92b04b2f83ad99d,0,1,1,0,0,1,exact_label_concordant
tesla-bb0ddaaa753d2683,0,1,1,0,0,1,exact_label_concordant
tesla-0bffdd09664c54fe,0,1,1,0,0,1,exact_label_concordant
tesla-d9fa058b1d782127,0,1,1,0,0,1,exact_label_concordant
tesla-0aafacd1338dac1f,0,1,1,0,0,1,exact_label_concordant
tesla-cd491fe33e49da3f,0,1,1,0,0,1,exact_label_concordant
tesla-48a3cd1dc67a809d,0,1,1,0,0,1,exact_label_concordant
tesla-5c160c0ded770b0a,0,1,1,0,0,1,exact_label_concordant
tesla-6d5eb855b68e8e1c,0,1,1,0,0,1,exact_label_concordant
tesla-542ef15283a25dc9,0,1,1,0,0,1,exact_label_concordant
tesla-8e18ef2819cc189f,0,1,1,0,0,1,exact_label_concordant
tesla-812126bd809d38d8,0,1,1,0,0,1,exact_label_concordant
tesla-758f9d67824b13e6,0,1,1,0,0,1,exact_label_concordant
tesla-5e1d378a305e2caa,0,1,1,0,0,1,exact_label_concordant
tesla-13218e5b4464c5ef,0,1,1,0,0,1,exact_label_concordant
tesla-72fcb7e9d88bcc9e,0,1,1,0,0,1,exact_label_concordant
tesla-482854d049a49b82,0,1,1,0,0,1,exact_label_concordant
tesla-e693c49865f8f7db,0,1,1,0,0,1,exact_label_concordant
tesla-9dcd2367716328b5,0,1,1,0,0,1,exact_label_concordant
tesla-97d8322c57784c06,0,1,1,0,0,1,exact_label_concordant
tesla-58bffe7f350a1f34,0,1,1,0,0,1,exact_label_concordant
tesla-0ffcf1359cafb080,0,1,1,0,0,1,exact_label_concordant
tesla-b2d20c6a720d4df9,0,1,1,0,0,1,exact_label_concordant
tesla-730d6b5b4fa4e8b9,0,1,1,0,0,1,exact_label_concordant
tesla-c403cd5f62d7cd8a,0,1,1,0,0,1,exact_label_concordant
tesla-60a0f2c4fc133585,0,1,1,0,0,1,exact_label_concordant
tesla-5203cefdbf15c1f3,0,1,1,0,0,1,exact_label_concordant
tesla-8053cd87ef16777c,0,1,1,0,0,1,exact_label_concordant
tesla-a8b5e9f61ba48d60,0,1,1,0,0,1,exact_label_concordant
tesla-7ac2020f9181a898,0,1,1,0,0,1,exact_label_concordant
tesla-0fca81ace0ceac20,0,1,1,0,0,1,exact_label_concordant
tesla-0351df9d0257e2d0,0,1,1,0,0,1,exact_label_concordant
tesla-7e9e2704939136b5,0,1,1,0,0,1,exact_label_concordant
tesla-d16f90f15d17f677,0,1,1,0,0,1,exact_label_concordant
tesla-e77fdf5d5f36a7a0,0,1,1,0,0,1,exact_label_concordant
tesla-960de04fb7813ba5,0,1,1,0,0,1,exact_label_concordant
tesla-b0ecd6bb66b3830f,0,1,1,0,0,1,exact_label_concordant
tesla-43ca8ac4eb634d30,0,1,1,0,0,1,exact_label_concordant
tesla-367560a2be7ddd62,0,1,1,0,0,1,exact_label_concordant
tesla-691bf8ab05da8630,0,1,1,0,0,1,exact_label_concordant
tesla-107b9f6d81604fbc,0,1,1,0,0,1,exact_label_concordant
tesla-943080cfe0f42167,0,1,1,0,0,1,exact_label_concordant
tesla-88826e30ecbfb925,0,1,1,0,0,1,exact_label_concordant
tesla-0f6b8bf837930ba5,0,1,1,0,0,1,exact_label_concordant
tesla-5d89e995634832c4,0,1,1,0,0,1,exact_label_concordant
tesla-f0566689b5917202,0,1,1,0,0,1,exact_label_concordant
tesla-8cf0202e666a5899,0,1,1,0,0,1,exact_label_concordant
tesla-16d9b2aa10f5924b,0,1,1,0,0,1,exact_label_concordant
tesla-b3227ba01ef20171,0,1,1,0,0,1,exact_label_concordant
tesla-00bc6f2cac299c83,0,1,1,0,0,1,exact_label_concordant
tesla-09c75dda68cce6a4,1,1,1,1,0,1,exact_label_concordant
tesla-390e545bf66addec,0,1,1,0,0,1,exact_label_concordant
tesla-6c12208bc4d61b26,0,1,1,0,0,1,exact_label_concordant
tesla-0415b3021b9b7288,0,1,1,0,0,1,exact_label_concordant
tesla-b9c11fd22640f12f,0,1,1,0,0,1,exact_label_concordant
tesla-550c640a5a7f92dc,0,1,1,0,0,1,exact_label_concordant
tesla-e92b6a3eb739c310,0,1,1,0,0,1,exact_label_concordant
tesla-84e77c8fbfb0b078,0,1,1,0,0,1,exact_label_concordant
tesla-c0b217f6478ca11f,1,1,1,1,0,1,exact_label_concordant
tesla-bacd3de6f5da5444,0,1,1,0,0,1,exact_label_concordant
tesla-18b5e2d9169bd816,0,1,1,0,0,1,exact_label_concordant
tesla-b0c6d603ac92feac,0,1,1,0,0,1,exact_label_concordant
tesla-cf7df873a0a40972,0,1,1,0,0,1,exact_label_concordant
tesla-b088aab9567f48df,0,1,1,0,0,1,exact_label_concordant
tesla-db7f5803dda8e56f,0,1,1,0,0,1,exact_label_concordant
tesla-c25f4d4c3360ae73,0,1,1,0,0,1,exact_label_concordant
tesla-0d75c0484ddeea63,0,1,1,0,0,1,exact_label_concordant
tesla-fa5a4a5cd6442e3c,0,1,1,0,0,1,exact_label_concordant
tesla-ea6eeeb4b8acfcc0,0,1,1,0,0,1,exact_label_concordant
tesla-d7de1007771a3ab0,0,1,1,0,0,1,exact_label_concordant
tesla-ebefda3a7389c450,0,1,1,0,0,1,exact_label_concordant
tesla-88d5e7ee0509713d,0,1,1,0,0,1,exact_label_concordant
tesla-8ada7f3373db5143,0,1,1,0,0,1,exact_label_concordant
tesla-f6b819e353c537a1,1,1,1,1,0,1,exact_label_concordant
tesla-b11672d0e5180e77,0,1,1,0,0,1,exact_label_concordant
tesla-9947ed60df2d48ec,0,1,1,0,0,1,exact_label_concordant
tesla-198cba0deae93143,0,1,1,0,0,1,exact_label_concordant
tesla-d809c92e22a12a35,0,1,1,0,0,1,exact_label_concordant
tesla-56fd1cee9e887221,0,1,1,0,0,1,exact_label_concordant
tesla-3b6fda9fd92a20a6,1,1,1,1,0,1,exact_label_concordant
tesla-7db8d48d3803c539,1,1,1,1,0,1,exact_label_concordant
tesla-aa9f1ed82c7fb51d,1,1,1,1,0,1,exact_label_concordant
tesla-f08ce9be7f64f683,0,1,1,0,0,1,exact_label_concordant
tesla-2f6e852426eb8236,0,1,1,0,0,1,exact_label_concordant
tesla-a9e85c51d7cb5e1d,0,1,1,0,0,1,exact_label_concordant
tesla-1c69da6d92bd81b0,0,1,1,0,0,1,exact_label_concordant
tesla-804d1b5488a55314,0,1,1,0,0,1,exact_label_concordant
tesla-c25c16aa479c60a2,1,1,1,1,0,1,exact_label_concordant
tesla-4a41be41cf77f4c1,1,1,1,1,0,1,exact_label_concordant
tesla-60a0cfb066a9c260,0,1,1,0,0,1,exact_label_concordant
tesla-dc307fa306395f7e,1,1,1,1,0,1,exact_label_concordant
tesla-bf47b0d472ab8c4a,0,1,1,0,0,1,exact_label_concordant
tesla-1a4235496b8dee6b,0,1,1,0,0,1,exact_label_concordant
tesla-9ce1f67d6f5ad9b2,0,1,1,0,0,1,exact_label_concordant
tesla-df51da780ddc3949,0,1,1,0,0,1,exact_label_concordant
tesla-d83a5bb5077834c5,0,1,1,0,0,1,exact_label_concordant
tesla-5289a043c21801c3,0,1,1,0,0,1,exact_label_concordant
tesla-2a7e2c5d6cd56daa,0,1,1,0,0,1,exact_label_concordant
tesla-99df28dcdc7c6017,1,1,1,1,0,1,exact_label_concordant
tesla-3c24dab72dee4d87,0,1,1,0,0,1,exact_label_concordant
tesla-9b826e9d1c6f1b94,0,1,1,0,0,1,exact_label_concordant
tesla-a2a3770950156380,0,1,1,0,0,1,exact_label_concordant
tesla-01eea576f0a535bb,0,1,1,0,0,1,exact_label_concordant
tesla-5c203171205a1c86,0,1,1,0,0,1,exact_label_concordant
tesla-72584ffd003ede92,0,1,1,0,0,1,exact_label_concordant
tesla-38ef878428053ffb,0,1,1,0,0,1,exact_label_concordant
tesla-386365e5fc59a831,0,1,1,0,0,1,exact_label_concordant
tesla-24a69c1924adcbe3,0,1,1,0,0,1,exact_label_concordant
tesla-958d2c6428d278fe,0,1,1,0,0,1,exact_label_concordant
tesla-66e04f77cad9d6f0,0,1,1,0,0,1,exact_label_concordant
tesla-02322e4968bedf33,0,1,1,0,0,1,exact_label_concordant
tesla-6e7a48174013cfcd,1,1,1,1,0,1,exact_label_concordant
tesla-55a9c95ade8a24b9,0,1,1,0,0,1,exact_label_concordant
tesla-bc5911bd9ab9aaaf,0,1,1,0,0,1,exact_label_concordant
tesla-7976ecc1d2c0a15c,0,1,1,0,0,1,exact_label_concordant
tesla-7aaea6001247b62e,0,1,1,0,0,1,exact_label_concordant
tesla-dea8cba08fb3b7f3,0,1,1,0,0,1,exact_label_concordant
tesla-9d3b734f919d15cc,0,1,1,0,0,1,exact_label_concordant
tesla-e2b007b20c3aed3e,1,1,1,1,0,1,exact_label_concordant
tesla-773775992758861d,0,1,1,0,0,1,exact_label_concordant
tesla-afe63a1aadefd48e,0,1,1,0,0,1,exact_label_concordant
tesla-fd6b15e3ae376003,0,1,1,0,0,1,exact_label_concordant
tesla-9e6bceb3b6e70e70,0,1,1,0,0,1,exact_label_concordant
tesla-cd4bbdb2eb642ffd,0,1,1,0,0,1,exact_label_concordant
tesla-9116022f628d089d,0,1,1,0,0,1,exact_label_concordant
tesla-70d138a9bfb6c219,0,1,1,0,0,1,exact_label_concordant
tesla-08e75c07de7a0d0d,0,1,1,0,0,1,exact_label_concordant
tesla-a078fc1bc09ce8b8,0,1,1,0,0,1,exact_label_concordant
tesla-3c806228cf7fafcb,0,1,1,0,0,1,exact_label_concordant
tesla-31ecfe867b7d89f1,0,1,1,0,0,1,exact_label_concordant
tesla-efb705bd7510a1a6,0,1,1,0,0,1,exact_label_concordant
tesla-8d3e474a86832f04,0,1,1,0,0,1,exact_label_concordant
tesla-ec7b81c319eec0f2,0,1,1,0,0,1,exact_label_concordant
tesla-e04d58aeec014259,0,1,1,0,0,1,exact_label_concordant
