left,right,task,metric,n_common,positives_common,patients_common,left_value_common,right_value_common,difference_left_minus_right,ci_low,ci_high
BigMHC,DeepHLApan,immunogenicity,auroc,128,75,9,0.4759748427672956,0.5046540880503144,-0.028679245283018795,-0.1161501900458979,0.04947664122641821
BigMHC,DeepHLApan,immunogenicity,average_precision,128,75,9,0.5856631462955934,0.6532494332203217,-0.06758628692472834,-0.12680520185134853,-0.003714798993252979
BigMHC,DeepHLApan,immunogenicity,hitrate@10,128,75,9,1.0,1.0,0.0,0.0,0.0
BigMHC,DeepHLApan,immunogenicity,hitrate@20,128,75,9,1.0,1.0,0.0,0.0,0.0
BigMHC,DeepHLApan,immunogenicity,hitrate@5,128,75,9,1.0,0.8888888888888888,0.11111111111111116,0.0,0.33333333333333337
BigMHC,DeepHLApan,immunogenicity,mrr,128,75,9,0.6518518518518518,0.7222222222222222,-0.07037037037037042,-0.18148148148148147,0.001898148148147924
BigMHC,DeepHLApan,immunogenicity,ndcg@10,128,75,9,0.6312873089172459,0.6703258245072995,-0.03903851559005356,-0.08993220825260795,0.012336267625158463
BigMHC,DeepHLApan,immunogenicity,ndcg@20,128,75,9,0.7738604771130371,0.8085230459234908,-0.03466256881045371,-0.06086790188393626,-0.009628459310849956
BigMHC,DeepHLApan,immunogenicity,ndcg@5,128,75,9,0.5325765609825637,0.6140248752438171,-0.08144831426125343,-0.1901851493238087,0.050409043936959864
BigMHC,DeepHLApan,immunogenicity,precision@10,128,75,9,0.5611111111111111,0.5611111111111111,0.0,-0.0444444444444444,0.0444444444444444
BigMHC,DeepHLApan,immunogenicity,precision@20,128,75,9,0.5646005983467284,0.5646005983467284,0.0,0.0,0.0
BigMHC,DeepHLApan,immunogenicity,precision@5,128,75,9,0.5333333333333333,0.6222222222222222,-0.0888888888888889,-0.2222222222222222,0.06666666666666665
BigMHC,DeepHLApan,immunogenicity,recall@10,128,75,9,0.7159050825717492,0.7264870931537598,-0.010582010582010581,-0.06878306878306872,0.044973544973545
BigMHC,DeepHLApan,immunogenicity,recall@20,128,75,9,1.0,1.0,0.0,0.0,0.0
BigMHC,DeepHLApan,immunogenicity,recall@5,128,75,9,0.35287798621131955,0.35645342312008976,-0.003575436908770213,-0.1300316658649992,0.15916426166426165
BigMHC,DeepImmuno-CNN,immunogenicity,auroc,51,29,9,0.5438871473354232,0.4717868338557994,0.07210031347962381,-0.04712865259740257,0.16264296120925142
BigMHC,DeepImmuno-CNN,immunogenicity,average_precision,51,29,9,0.6316320043675665,0.5833356847201822,0.048296319647384345,-0.03556215089261466,0.1148432249105829
BigMHC,DeepImmuno-CNN,immunogenicity,hitrate@10,51,29,9,1.0,1.0,0.0,0.0,0.0
BigMHC,DeepImmuno-CNN,immunogenicity,hitrate@20,51,29,9,1.0,1.0,0.0,0.0,0.0
BigMHC,DeepImmuno-CNN,immunogenicity,hitrate@5,51,29,9,1.0,1.0,0.0,0.0,0.0
BigMHC,DeepImmuno-CNN,immunogenicity,mrr,51,29,9,0.7619047619047619,0.8095238095238095,-0.04761904761904767,-0.3214285714285714,0.125
BigMHC,DeepImmuno-CNN,immunogenicity,ndcg@10,51,29,9,0.8087012940824889,0.8191558587095117,-0.010454564627022767,-0.09325707120581819,0.05335537459609574
BigMHC,DeepImmuno-CNN,immunogenicity,ndcg@20,51,29,9,0.8207596953085604,0.8368671618581434,-0.01610746654958295,-0.0973475628913677,0.040171356613644446
BigMHC,DeepImmuno-CNN,immunogenicity,ndcg@5,51,29,9,0.6969262980316332,0.7107525131913099,-0.013826215159676747,-0.09740725277182755,0.044278942373923366
BigMHC,DeepImmuno-CNN,immunogenicity,precision@10,51,29,9,0.6232993197278911,0.616156462585034,0.0071428571428571175,0.0,0.022222222222222143
BigMHC,DeepImmuno-CNN,immunogenicity,precision@20,51,29,9,0.6232993197278911,0.6232993197278911,0.0,0.0,0.0
BigMHC,DeepImmuno-CNN,immunogenicity,precision@5,51,29,9,0.6523809523809524,0.6523809523809524,0.0,0.0,0.0
BigMHC,DeepImmuno-CNN,immunogenicity,recall@10,51,29,9,0.9761904761904762,0.9642857142857143,0.011904761904761862,0.0,0.03703703703703709
BigMHC,DeepImmuno-CNN,immunogenicity,recall@20,51,29,9,1.0,1.0,0.0,0.0,0.0
BigMHC,DeepImmuno-CNN,immunogenicity,recall@5,51,29,9,0.7547619047619047,0.7547619047619047,0.0,0.0,0.0
BigMHC,PRIME,immunogenicity,auroc,128,75,9,0.4759748427672956,0.579874213836478,-0.10389937106918234,-0.1891589126906106,-0.015272674169330787
BigMHC,PRIME,immunogenicity,average_precision,128,75,9,0.5856631462955934,0.6393093241046907,-0.053646177809097306,-0.12351507022065718,0.01740314444245059
BigMHC,PRIME,immunogenicity,hitrate@10,128,75,9,1.0,1.0,0.0,0.0,0.0
BigMHC,PRIME,immunogenicity,hitrate@20,128,75,9,1.0,1.0,0.0,0.0,0.0
BigMHC,PRIME,immunogenicity,hitrate@5,128,75,9,1.0,1.0,0.0,0.0,0.0
BigMHC,PRIME,immunogenicity,mrr,128,75,9,0.6518518518518518,0.7685185185185185,-0.1166666666666667,-0.30370370370370364,0.07407407407407407
BigMHC,PRIME,immunogenicity,ndcg@10,128,75,9,0.6312873089172459,0.6881137179921539,-0.05682640907490799,-0.1448315833102618,0.03017239737900372
BigMHC,PRIME,immunogenicity,ndcg@20,128,75,9,0.7738604771130371,0.8271212105514111,-0.05326073343837401,-0.11794338501591044,0.008075273494051982
BigMHC,PRIME,immunogenicity,ndcg@5,128,75,9,0.5325765609825637,0.6908650160295152,-0.15828845504695155,-0.2990950049162747,-0.023271734532436354
BigMHC,PRIME,immunogenicity,precision@10,128,75,9,0.5611111111111111,0.5611111111111111,0.0,-0.06666666666666665,0.06666666666666676
BigMHC,PRIME,immunogenicity,precision@20,128,75,9,0.5646005983467284,0.5646005983467284,0.0,0.0,0.0
BigMHC,PRIME,immunogenicity,precision@5,128,75,9,0.5333333333333333,0.6814814814814815,-0.14814814814814814,-0.2594444444444445,-0.0444444444444444
BigMHC,PRIME,immunogenicity,recall@10,128,75,9,0.7159050825717492,0.7203944203944204,-0.004489337822671136,-0.08113275613275624,0.07215007215007219
BigMHC,PRIME,immunogenicity,recall@20,128,75,9,1.0,1.0,0.0,0.0,0.0
BigMHC,PRIME,immunogenicity,recall@5,128,75,9,0.35287798621131955,0.47526054192720857,-0.12238255571588902,-0.23490259740259736,-0.03366442199775537
DeepHLApan,DeepImmuno-CNN,immunogenicity,auroc,51,29,9,0.4608150470219436,0.4717868338557994,-0.010971786833855801,-0.17358745742336204,0.13381416410650276
DeepHLApan,DeepImmuno-CNN,immunogenicity,average_precision,51,29,9,0.6160438024791449,0.5833356847201822,0.03270811775896276,-0.0844896794670285,0.12016090914540065
DeepHLApan,DeepImmuno-CNN,immunogenicity,hitrate@10,51,29,9,1.0,1.0,0.0,0.0,0.0
DeepHLApan,DeepImmuno-CNN,immunogenicity,hitrate@20,51,29,9,1.0,1.0,0.0,0.0,0.0
DeepHLApan,DeepImmuno-CNN,immunogenicity,hitrate@5,51,29,9,1.0,1.0,0.0,0.0,0.0
DeepHLApan,DeepImmuno-CNN,immunogenicity,mrr,51,29,9,0.8452380952380952,0.8095238095238095,0.0357142857142857,-0.09999999999999998,0.20020833333333227
DeepHLApan,DeepImmuno-CNN,immunogenicity,ndcg@10,51,29,9,0.8515512869557638,0.8191558587095117,0.03239542824625208,-0.04765365130313093,0.12901205374691374
DeepHLApan,DeepImmuno-CNN,immunogenicity,ndcg@20,51,29,9,0.8515512869557638,0.8368671618581434,0.014684125097620404,-0.05020882164937479,0.0819166098642451
DeepHLApan,DeepImmuno-CNN,immunogenicity,ndcg@5,51,29,9,0.7264811600913925,0.7107525131913099,0.015728646900082577,-0.0833180287588855,0.11382296763686184
DeepHLApan,DeepImmuno-CNN,immunogenicity,precision@10,51,29,9,0.6375850340136054,0.616156462585034,0.021428571428571463,0.0,0.06428571428571428
DeepHLApan,DeepImmuno-CNN,immunogenicity,precision@20,51,29,9,0.6232993197278911,0.6232993197278911,0.0,0.0,0.0
DeepHLApan,DeepImmuno-CNN,immunogenicity,precision@5,51,29,9,0.6523809523809524,0.6523809523809524,0.0,-0.08000000000000007,0.08571428571428574
DeepHLApan,DeepImmuno-CNN,immunogenicity,recall@10,51,29,9,1.0,0.9642857142857143,0.0357142857142857,0.0,0.1071428571428571
DeepHLApan,DeepImmuno-CNN,immunogenicity,recall@20,51,29,9,1.0,1.0,0.0,0.0,0.0
DeepHLApan,DeepImmuno-CNN,immunogenicity,recall@5,51,29,9,0.7547619047619047,0.7547619047619047,0.0,-0.08000000000000007,0.08571428571428574
DeepHLApan,PRIME,immunogenicity,auroc,128,75,9,0.5046540880503144,0.579874213836478,-0.07522012578616355,-0.195250402792696,0.04368853820754026
DeepHLApan,PRIME,immunogenicity,average_precision,128,75,9,0.6532494332203217,0.6393093241046907,0.013940109115631039,-0.09238799817801838,0.09172009118667658
DeepHLApan,PRIME,immunogenicity,hitrate@10,128,75,9,1.0,1.0,0.0,0.0,0.0
DeepHLApan,PRIME,immunogenicity,hitrate@20,128,75,9,1.0,1.0,0.0,0.0,0.0
DeepHLApan,PRIME,immunogenicity,hitrate@5,128,75,9,0.8888888888888888,1.0,-0.11111111111111116,-0.33333333333333337,0.0
DeepHLApan,PRIME,immunogenicity,mrr,128,75,9,0.7222222222222222,0.7685185185185185,-0.04629629629629628,-0.2314814814814815,0.12962962962962965
DeepHLApan,PRIME,immunogenicity,ndcg@10,128,75,9,0.6703258245072995,0.6881137179921539,-0.017787893484854433,-0.12058836256824594,0.08331803966539883
DeepHLApan,PRIME,immunogenicity,ndcg@20,128,75,9,0.8085230459234908,0.8271212105514111,-0.0185981646279203,-0.09102404902752281,0.04597761031229554
DeepHLApan,PRIME,immunogenicity,ndcg@5,128,75,9,0.6140248752438171,0.6908650160295152,-0.07684014078569812,-0.26593716874969686,0.09313139286054935
DeepHLApan,PRIME,immunogenicity,precision@10,128,75,9,0.5611111111111111,0.5611111111111111,0.0,-0.06666666666666665,0.06666666666666676
DeepHLApan,PRIME,immunogenicity,precision@20,128,75,9,0.5646005983467284,0.5646005983467284,0.0,0.0,0.0
DeepHLApan,PRIME,immunogenicity,precision@5,128,75,9,0.6222222222222222,0.6814814814814815,-0.059259259259259234,-0.20000000000000007,0.0888888888888889
DeepHLApan,PRIME,immunogenicity,recall@10,128,75,9,0.7264870931537598,0.7203944203944204,0.006092672759339446,-0.07319223985890644,0.07744107744107742
DeepHLApan,PRIME,immunogenicity,recall@20,128,75,9,1.0,1.0,0.0,0.0,0.0
DeepHLApan,PRIME,immunogenicity,recall@5,128,75,9,0.35645342312008976,0.47526054192720857,-0.1188071188071188,-0.36333172999839664,0.048110068943402265
DeepImmuno-CNN,PRIME,immunogenicity,auroc,51,29,9,0.4717868338557994,0.622257053291536,-0.15047021943573663,-0.3485843515037594,0.04963112522686011
DeepImmuno-CNN,PRIME,immunogenicity,average_precision,51,29,9,0.5833356847201822,0.6319233634607988,-0.04858767874061665,-0.1543269255374634,0.03802709044411525
DeepImmuno-CNN,PRIME,immunogenicity,hitrate@10,51,29,9,1.0,1.0,0.0,0.0,0.0
DeepImmuno-CNN,PRIME,immunogenicity,hitrate@20,51,29,9,1.0,1.0,0.0,0.0,0.0
DeepImmuno-CNN,PRIME,immunogenicity,hitrate@5,51,29,9,1.0,1.0,0.0,0.0,0.0
DeepImmuno-CNN,PRIME,immunogenicity,mrr,51,29,9,0.8095238095238095,0.7738095238095238,0.0357142857142857,-0.09999999999999998,0.20000000000000007
DeepImmuno-CNN,PRIME,immunogenicity,ndcg@10,51,29,9,0.8191558587095117,0.8271267687856376,-0.007970910076125937,-0.0835917238927503,0.05146739445932063
DeepImmuno-CNN,PRIME,immunogenicity,ndcg@20,51,29,9,0.8368671618581434,0.8271267687856376,0.009740393072505737,-0.03209450981710734,0.05207977361323347
DeepImmuno-CNN,PRIME,immunogenicity,ndcg@5,51,29,9,0.7107525131913099,0.7070896355777788,0.0036628776135311236,-0.08016590563417962,0.0826002139424956
DeepImmuno-CNN,PRIME,immunogenicity,precision@10,51,29,9,0.616156462585034,0.6375850340136054,-0.021428571428571463,-0.06428571428571428,0.0
DeepImmuno-CNN,PRIME,immunogenicity,precision@20,51,29,9,0.6232993197278911,0.6232993197278911,0.0,0.0,0.0
DeepImmuno-CNN,PRIME,immunogenicity,precision@5,51,29,9,0.6523809523809524,0.6619047619047619,-0.00952380952380949,-0.11428571428571432,0.09333333333333338
DeepImmuno-CNN,PRIME,immunogenicity,recall@10,51,29,9,0.9642857142857143,1.0,-0.0357142857142857,-0.1071428571428571,0.0
DeepImmuno-CNN,PRIME,immunogenicity,recall@20,51,29,9,1.0,1.0,0.0,0.0,0.0
DeepImmuno-CNN,PRIME,immunogenicity,recall@5,51,29,9,0.7547619047619047,0.7666666666666666,-0.011904761904761862,-0.12857142857142856,0.10000000000000009
