record_id,predictor,predictor_version,task,score,score_direction,status,binding_score
rcc-vaccine-8c2e1ec6d8f675cf,DeepHLApan,1.1.1@ac1f4beb,immunogenicity,0.956750869751,higher,predicted,0.999957203865
rcc-vaccine-6a6ffb8b81ec9208,DeepHLApan,1.1.1@ac1f4beb,immunogenicity,0.0342342741787,higher,predicted,0.995593428612
rcc-vaccine-4adeedbe0e35cf09,DeepHLApan,1.1.1@ac1f4beb,immunogenicity,,higher,unsupported_hla,
rcc-vaccine-e06799bdf8de8af5,DeepHLApan,1.1.1@ac1f4beb,immunogenicity,0.956750869751,higher,predicted,0.999957203865
rcc-vaccine-969998ab9d8b4dc1,DeepHLApan,1.1.1@ac1f4beb,immunogenicity,0.10936331749,higher,predicted,0.969243168831
rcc-vaccine-a5952e9e71bd27bd,DeepHLApan,1.1.1@ac1f4beb,immunogenicity,0.672411322594,higher,predicted,0.970010876656
rcc-vaccine-6fa3e9ad450e030e,DeepHLApan,1.1.1@ac1f4beb,immunogenicity,0.956750869751,higher,predicted,0.999957203865
rcc-vaccine-8a9041cc55b08e38,DeepHLApan,1.1.1@ac1f4beb,immunogenicity,0.415020555258,higher,predicted,0.823912143707
rcc-vaccine-e11c81feedc5751e,DeepHLApan,1.1.1@ac1f4beb,immunogenicity,0.271832853556,higher,predicted,0.853784382343
rcc-vaccine-fefffdcccca8649c,DeepHLApan,1.1.1@ac1f4beb,immunogenicity,0.663122951984,higher,predicted,0.990222096443
rcc-vaccine-940b62df9c3078c4,DeepHLApan,1.1.1@ac1f4beb,immunogenicity,0.288684308529,higher,predicted,0.945045113564
rcc-vaccine-43742d14e082c2e6,DeepHLApan,1.1.1@ac1f4beb,immunogenicity,0.0819523632526,higher,predicted,0.478505432606
rcc-vaccine-769c6b305827c570,DeepHLApan,1.1.1@ac1f4beb,immunogenicity,0.949861049652,higher,predicted,0.997111976147
rcc-vaccine-e74f183589095f61,DeepHLApan,1.1.1@ac1f4beb,immunogenicity,0.44372677803,higher,predicted,0.493312120438
rcc-vaccine-15ab70cb934aad8f,DeepHLApan,1.1.1@ac1f4beb,immunogenicity,0.708318173885,higher,predicted,0.989219069481
rcc-vaccine-c8a8ce5ab15f9d4b,DeepHLApan,1.1.1@ac1f4beb,immunogenicity,0.773888707161,higher,predicted,0.0873938798904
rcc-vaccine-f05602883865f4bf,DeepHLApan,1.1.1@ac1f4beb,immunogenicity,0.954157352448,higher,predicted,0.991816818714
rcc-vaccine-b92105a12fb6f028,DeepHLApan,1.1.1@ac1f4beb,immunogenicity,0.929277539253,higher,predicted,0.99683535099
rcc-vaccine-a004075aed453bcf,DeepHLApan,1.1.1@ac1f4beb,immunogenicity,0.773697257042,higher,predicted,0.662531495094
rcc-vaccine-70eb710f90e2973b,DeepHLApan,1.1.1@ac1f4beb,immunogenicity,0.638193964958,higher,predicted,0.979091465473
rcc-vaccine-c81528933be4a147,DeepHLApan,1.1.1@ac1f4beb,immunogenicity,0.0489731431007,higher,predicted,0.960151314735
rcc-vaccine-2a2f0b8f959aa3f6,DeepHLApan,1.1.1@ac1f4beb,immunogenicity,0.54920065403,higher,predicted,0.952247798443
rcc-vaccine-74e8a99b7ef86c61,DeepHLApan,1.1.1@ac1f4beb,immunogenicity,0.364848554134,higher,predicted,0.999667048454
rcc-vaccine-88bea2527dd72a1d,DeepHLApan,1.1.1@ac1f4beb,immunogenicity,0.996774017811,higher,predicted,0.935574650764
rcc-vaccine-ff6bbb8d69468a47,DeepHLApan,1.1.1@ac1f4beb,immunogenicity,0.991322398186,higher,predicted,0.856530070305
rcc-vaccine-8ea6c4f21d2c81ee,DeepHLApan,1.1.1@ac1f4beb,immunogenicity,0.904866814613,higher,predicted,0.830239772797
rcc-vaccine-b2f6110d808ac0da,DeepHLApan,1.1.1@ac1f4beb,immunogenicity,0.900792896748,higher,predicted,0.475547015667
rcc-vaccine-f43e93564087f160,DeepHLApan,1.1.1@ac1f4beb,immunogenicity,0.981161594391,higher,predicted,0.982510209084
rcc-vaccine-fc1276f53c3f45e1,DeepHLApan,1.1.1@ac1f4beb,immunogenicity,0.781159996986,higher,predicted,0.835298418999
rcc-vaccine-3e6b1c1d8de0ce71,DeepHLApan,1.1.1@ac1f4beb,immunogenicity,0.991661071777,higher,predicted,0.868157505989
rcc-vaccine-4255bdded9e984bd,DeepHLApan,1.1.1@ac1f4beb,immunogenicity,0.797833561897,higher,predicted,0.99191236496
rcc-vaccine-31c3a5a1c962db43,DeepHLApan,1.1.1@ac1f4beb,immunogenicity,0.282823115587,higher,predicted,0.99037283659
rcc-vaccine-d3d4046d155047b6,DeepHLApan,1.1.1@ac1f4beb,immunogenicity,0.980403542519,higher,predicted,0.202609583735
rcc-vaccine-5e4096b57e93c92e,DeepHLApan,1.1.1@ac1f4beb,immunogenicity,0.0258417315781,higher,predicted,0.151212573051
rcc-vaccine-e8d6aeb51705642a,DeepHLApan,1.1.1@ac1f4beb,immunogenicity,0.995793521404,higher,predicted,0.207422688603
rcc-vaccine-26dc24e186221fe2,DeepHLApan,1.1.1@ac1f4beb,immunogenicity,0.730694293976,higher,predicted,0.968062222004
rcc-vaccine-364822c022710958,DeepHLApan,1.1.1@ac1f4beb,immunogenicity,0.13982026279,higher,predicted,0.999332427979
rcc-vaccine-9c477d13a3359f5e,DeepHLApan,1.1.1@ac1f4beb,immunogenicity,0.691724777222,higher,predicted,0.993195176125
rcc-vaccine-487a8e43d12c17ac,DeepHLApan,1.1.1@ac1f4beb,immunogenicity,0.668253481388,higher,predicted,0.998432040215
rcc-vaccine-539b50b223ea0ee1,DeepHLApan,1.1.1@ac1f4beb,immunogenicity,0.418166160583,higher,predicted,0.998265862465
rcc-vaccine-618d6aa7d8232657,DeepHLApan,1.1.1@ac1f4beb,immunogenicity,0.731171905994,higher,predicted,0.997755050659
rcc-vaccine-71f5d2ab19a389e8,DeepHLApan,1.1.1@ac1f4beb,immunogenicity,0.0762045830488,higher,predicted,0.461806923151
rcc-vaccine-409a0661a319bbb1,DeepHLApan,1.1.1@ac1f4beb,immunogenicity,0.691724777222,higher,predicted,0.993195176125
rcc-vaccine-9f431d040990f0f7,DeepHLApan,1.1.1@ac1f4beb,immunogenicity,0.00906158518046,higher,predicted,0.991863429546
rcc-vaccine-7c1009a0bb0524b3,DeepHLApan,1.1.1@ac1f4beb,immunogenicity,0.731387615204,higher,predicted,0.949160933495
rcc-vaccine-42e869aba90dc4bd,DeepHLApan,1.1.1@ac1f4beb,immunogenicity,0.219947695732,higher,predicted,0.773827433586
rcc-vaccine-a1a88d1c11b4fcdd,DeepHLApan,1.1.1@ac1f4beb,immunogenicity,0.757146000862,higher,predicted,0.971038460732
rcc-vaccine-d42b9fb3a44366ac,DeepHLApan,1.1.1@ac1f4beb,immunogenicity,0.418166160583,higher,predicted,0.998265862465
rcc-vaccine-ce806d8b1a4132b2,DeepHLApan,1.1.1@ac1f4beb,immunogenicity,0.172158882022,higher,predicted,0.996777057648
rcc-vaccine-ea51c18cc4e16995,DeepHLApan,1.1.1@ac1f4beb,immunogenicity,0.731171905994,higher,predicted,0.997755050659
rcc-vaccine-9bce007ba3a4aff0,DeepHLApan,1.1.1@ac1f4beb,immunogenicity,0.460265338421,higher,predicted,0.826100230217
rcc-vaccine-aa3019acbdddb7dc,DeepHLApan,1.1.1@ac1f4beb,immunogenicity,0.657150745392,higher,predicted,0.952590823174
rcc-vaccine-1bcdaed331509a08,DeepHLApan,1.1.1@ac1f4beb,immunogenicity,0.172158882022,higher,predicted,0.996777057648
rcc-vaccine-4a1853322eea7a14,DeepHLApan,1.1.1@ac1f4beb,immunogenicity,0.461393415928,higher,predicted,0.986970543861
rcc-vaccine-cde49959d75e6ec2,DeepHLApan,1.1.1@ac1f4beb,immunogenicity,0.75685107708,higher,predicted,0.979090809822
rcc-vaccine-7f8e1f8e02332663,DeepHLApan,1.1.1@ac1f4beb,immunogenicity,0.0762795731425,higher,predicted,0.997413814068
rcc-vaccine-b8aa4d97d214f765,DeepHLApan,1.1.1@ac1f4beb,immunogenicity,0.990990817547,higher,predicted,0.999659538269
rcc-vaccine-5993797f7a6c7057,DeepHLApan,1.1.1@ac1f4beb,immunogenicity,0.442390143871,higher,predicted,0.993007063866
rcc-vaccine-eacb2f310488ca9d,DeepHLApan,1.1.1@ac1f4beb,immunogenicity,0.0443214699626,higher,predicted,0.999183535576
rcc-vaccine-70f05fcfa038224f,DeepHLApan,1.1.1@ac1f4beb,immunogenicity,0.644423604012,higher,predicted,0.974320590496
rcc-vaccine-4d15c4e62bb19311,DeepHLApan,1.1.1@ac1f4beb,immunogenicity,0.00129490566906,higher,predicted,0.908160805702
rcc-vaccine-a6b2180415ff1b56,DeepHLApan,1.1.1@ac1f4beb,immunogenicity,0.103126898408,higher,predicted,0.870270550251
rcc-vaccine-e52f3609d694b4ba,DeepHLApan,1.1.1@ac1f4beb,immunogenicity,0.249618858099,higher,predicted,0.946961700916
rcc-vaccine-763f29ff7ac4c65d,DeepHLApan,1.1.1@ac1f4beb,immunogenicity,0.0525496602058,higher,predicted,0.99926173687
rcc-vaccine-c331f65899396b9b,DeepHLApan,1.1.1@ac1f4beb,immunogenicity,0.976519405842,higher,predicted,0.984708964825
rcc-vaccine-09c9b699d977f421,DeepHLApan,1.1.1@ac1f4beb,immunogenicity,0.816194355488,higher,predicted,0.991399765015
rcc-vaccine-e944d5a782a7d074,DeepHLApan,1.1.1@ac1f4beb,immunogenicity,0.533009707928,higher,predicted,0.962785363197
rcc-vaccine-75f86cf28dca60e2,DeepHLApan,1.1.1@ac1f4beb,immunogenicity,0.0963276177645,higher,predicted,0.998524844646
rcc-vaccine-5b2ef450eaf2248a,DeepHLApan,1.1.1@ac1f4beb,immunogenicity,0.985190093517,higher,predicted,0.999938488007
rcc-vaccine-c50e7f0e1b3b69a5,DeepHLApan,1.1.1@ac1f4beb,immunogenicity,0.0859711095691,higher,predicted,0.991966068745
rcc-vaccine-ae70f68909b113e8,DeepHLApan,1.1.1@ac1f4beb,immunogenicity,0.00732829514891,higher,predicted,0.967723369598
rcc-vaccine-efdf21635c142ab8,DeepHLApan,1.1.1@ac1f4beb,immunogenicity,0.00268213148229,higher,predicted,0.965277791023
rcc-vaccine-817b1ac6328997a7,DeepHLApan,1.1.1@ac1f4beb,immunogenicity,0.920276165009,higher,predicted,0.99510204792
rcc-vaccine-feb66d3c66c8a4de,DeepHLApan,1.1.1@ac1f4beb,immunogenicity,0.548630595207,higher,predicted,0.991096198559
rcc-vaccine-7946e9a10fe114cf,DeepHLApan,1.1.1@ac1f4beb,immunogenicity,0.313266456127,higher,predicted,0.974083065987
rcc-vaccine-f3e32e857dd09d71,DeepHLApan,1.1.1@ac1f4beb,immunogenicity,0.02863131091,higher,predicted,0.999120116234
rcc-vaccine-240bf5b232815c6a,DeepHLApan,1.1.1@ac1f4beb,immunogenicity,0.965816140175,higher,predicted,0.999469399452
rcc-vaccine-40c01a17a3ed4a2e,DeepHLApan,1.1.1@ac1f4beb,immunogenicity,0.660215973854,higher,predicted,0.978103756905
rcc-vaccine-7b823cc728ea1450,DeepHLApan,1.1.1@ac1f4beb,immunogenicity,0.93551158905,higher,predicted,0.962181270123
rcc-vaccine-0c7eb5e3295f0ad2,DeepHLApan,1.1.1@ac1f4beb,immunogenicity,0.0372959189117,higher,predicted,0.999003231525
rcc-vaccine-88aaf2311ce63196,DeepHLApan,1.1.1@ac1f4beb,immunogenicity,0.959538161755,higher,predicted,0.999945759773
rcc-vaccine-bcae618cfad77c1f,DeepHLApan,1.1.1@ac1f4beb,immunogenicity,0.255532085896,higher,predicted,0.933230400085
rcc-vaccine-11f61d47947266cc,DeepHLApan,1.1.1@ac1f4beb,immunogenicity,0.994814693928,higher,predicted,0.990790724754
rcc-vaccine-f4a4db2362e7a54e,DeepHLApan,1.1.1@ac1f4beb,immunogenicity,0.576282143593,higher,predicted,0.998294651508
rcc-vaccine-1eceb5b6a969d721,DeepHLApan,1.1.1@ac1f4beb,immunogenicity,0.721192061901,higher,predicted,0.99988758564
rcc-vaccine-55106745d24cfbf4,DeepHLApan,1.1.1@ac1f4beb,immunogenicity,0.676800429821,higher,predicted,0.945376694202
rcc-vaccine-a808947689fbe42c,DeepHLApan,1.1.1@ac1f4beb,immunogenicity,0.800811767578,higher,predicted,0.99976503849
rcc-vaccine-590f5ea08f24e2cf,DeepHLApan,1.1.1@ac1f4beb,immunogenicity,0.528627693653,higher,predicted,0.999486088753
rcc-vaccine-b984dc3be5c1fa17,DeepHLApan,1.1.1@ac1f4beb,immunogenicity,0.576282143593,higher,predicted,0.998294651508
rcc-vaccine-6ff6e758ac279425,DeepHLApan,1.1.1@ac1f4beb,immunogenicity,0.5315746665,higher,predicted,0.868035018444
rcc-vaccine-aa0d4e0503dacba4,DeepHLApan,1.1.1@ac1f4beb,immunogenicity,0.810282886028,higher,predicted,0.994153857231
rcc-vaccine-4d44829f31cf5558,DeepHLApan,1.1.1@ac1f4beb,immunogenicity,0.786226093769,higher,predicted,0.988708198071
rcc-vaccine-4f7d9f9f22d48440,DeepHLApan,1.1.1@ac1f4beb,immunogenicity,0.938049137592,higher,predicted,0.999858498573
rcc-vaccine-60d1ba1b8ae350fd,DeepHLApan,1.1.1@ac1f4beb,immunogenicity,0.907981276512,higher,predicted,0.999875664711
rcc-vaccine-7ec85836cb09ee30,DeepHLApan,1.1.1@ac1f4beb,immunogenicity,0.567132294178,higher,predicted,0.990272343159
rcc-vaccine-4b7fdcc54f65b98b,DeepHLApan,1.1.1@ac1f4beb,immunogenicity,0.907981276512,higher,predicted,0.999875664711
rcc-vaccine-d02de725ecc685a5,DeepHLApan,1.1.1@ac1f4beb,immunogenicity,0.716995000839,higher,predicted,0.998158454895
rcc-vaccine-e1d984ebf245728f,DeepHLApan,1.1.1@ac1f4beb,immunogenicity,0.777408897877,higher,predicted,0.999284625053
rcc-vaccine-a9a3c2bc98a74746,DeepHLApan,1.1.1@ac1f4beb,immunogenicity,0.0750500410795,higher,predicted,0.91932952404
rcc-vaccine-da610226e338a8de,DeepHLApan,1.1.1@ac1f4beb,immunogenicity,0.465691566467,higher,predicted,0.999276459217
rcc-vaccine-ca0a8a8bb4e2d094,DeepHLApan,1.1.1@ac1f4beb,immunogenicity,0.952795028687,higher,predicted,0.997379779816
rcc-vaccine-c45585f253341070,DeepHLApan,1.1.1@ac1f4beb,immunogenicity,0.494304269552,higher,predicted,0.996902823448
rcc-vaccine-b2761351ccb757b7,DeepHLApan,1.1.1@ac1f4beb,immunogenicity,0.0750500410795,higher,predicted,0.91932952404
rcc-vaccine-b1ad936ccc2f249a,DeepHLApan,1.1.1@ac1f4beb,immunogenicity,0.494304269552,higher,predicted,0.996902823448
rcc-vaccine-02261377bb800592,DeepHLApan,1.1.1@ac1f4beb,immunogenicity,0.129811197519,higher,predicted,0.999617755413
rcc-vaccine-834aff6d2a7dc363,DeepHLApan,1.1.1@ac1f4beb,immunogenicity,0.88037699461,higher,predicted,0.955722689629
rcc-vaccine-0036b8c45a4cd20d,DeepHLApan,1.1.1@ac1f4beb,immunogenicity,0.0750500410795,higher,predicted,0.91932952404
rcc-vaccine-08447808dd0300dd,DeepHLApan,1.1.1@ac1f4beb,immunogenicity,0.494304269552,higher,predicted,0.996902823448
rcc-vaccine-34c3e7e7a2dcd8b6,DeepHLApan,1.1.1@ac1f4beb,immunogenicity,0.129811197519,higher,predicted,0.999617755413
rcc-vaccine-1ae968c5ae01f49b,DeepHLApan,1.1.1@ac1f4beb,immunogenicity,0.88037699461,higher,predicted,0.955722689629
rcc-vaccine-29f7c92d094c1ced,DeepHLApan,1.1.1@ac1f4beb,immunogenicity,0.165366202593,higher,predicted,0.998827159405
rcc-vaccine-0aaef5904890371c,DeepHLApan,1.1.1@ac1f4beb,immunogenicity,0.88037699461,higher,predicted,0.955722689629
rcc-vaccine-27b47d43dab2b353,DeepHLApan,1.1.1@ac1f4beb,immunogenicity,0.952636361122,higher,predicted,0.999851703644
rcc-vaccine-46b486b9d199e93a,DeepHLApan,1.1.1@ac1f4beb,immunogenicity,0.814331412315,higher,predicted,0.790807783604
rcc-vaccine-b8a9c44bcf53568f,DeepHLApan,1.1.1@ac1f4beb,immunogenicity,0.161298811436,higher,predicted,0.998297870159
rcc-vaccine-7425139a6230adc0,DeepHLApan,1.1.1@ac1f4beb,immunogenicity,0.889500260353,higher,predicted,0.977608501911
rcc-vaccine-e39c49c350f42009,DeepHLApan,1.1.1@ac1f4beb,immunogenicity,0.468123346567,higher,predicted,0.999036669731
rcc-vaccine-73717d4619b66faf,DeepHLApan,1.1.1@ac1f4beb,immunogenicity,0.963266253471,higher,predicted,0.998651981354
rcc-vaccine-f130cbb5ea1ca0fa,DeepHLApan,1.1.1@ac1f4beb,immunogenicity,0.99343174696,higher,predicted,0.916508376598
rcc-vaccine-3f16099c911d2791,DeepHLApan,1.1.1@ac1f4beb,immunogenicity,0.889500260353,higher,predicted,0.977608501911
rcc-vaccine-07bc8054e1edd65a,DeepHLApan,1.1.1@ac1f4beb,immunogenicity,0.314443677664,higher,predicted,0.999527335167
rcc-vaccine-99bd603a759d6b22,DeepHLApan,1.1.1@ac1f4beb,immunogenicity,0.950844585896,higher,predicted,0.970935940742
rcc-vaccine-ad726d8ef91bd0e6,DeepHLApan,1.1.1@ac1f4beb,immunogenicity,0.969846844673,higher,predicted,0.992808938026
rcc-vaccine-972e1f28fe4cb96a,DeepHLApan,1.1.1@ac1f4beb,immunogenicity,0.678239226341,higher,predicted,0.980034708977
rcc-vaccine-e0d628668c1eccf2,DeepHLApan,1.1.1@ac1f4beb,immunogenicity,0.76940625906,higher,predicted,0.512591063976
rcc-vaccine-3d165d772065bb3a,DeepHLApan,1.1.1@ac1f4beb,immunogenicity,0.982267737389,higher,predicted,0.99388551712
rcc-vaccine-9ef49682993d2ea1,DeepHLApan,1.1.1@ac1f4beb,immunogenicity,0.435784041882,higher,predicted,0.955987811089
rcc-vaccine-6c01a27a6a575007,DeepHLApan,1.1.1@ac1f4beb,immunogenicity,0.963434100151,higher,predicted,0.847052097321
rcc-vaccine-12b152d35907e280,DeepHLApan,1.1.1@ac1f4beb,immunogenicity,0.205441281199,higher,predicted,0.999481081963
