record_id,predictor,predictor_version,task,score,score_direction,status,affinity_nm,affinity_percentile,presentation_score,presentation_percentile,processing_score,best_allele
tesla-616f27a10aa0f05f,MHCflurry,2.2.1,presentation,0.227522665475,higher,predicted,542.869565738,0.872875,0.227522665475,1.67619565217,0.16116346512,HLA-B*44:02
tesla-f2dcca675aedb8d9,MHCflurry,2.2.1,presentation,0.939053629615,higher,predicted,42.061361695,0.012875,0.939053629615,0.063125,0.577418025583,HLA-B*44:02
tesla-aaa94ca70f0c0a65,MHCflurry,2.2.1,presentation,0.502468743226,higher,predicted,98.2334580466,0.59825,0.502468743226,0.816902173913,0.0401045598264,HLA-A*02:01
tesla-2a07c22ef7cba611,MHCflurry,2.2.1,presentation,0.542196470565,higher,predicted,79.2859965456,0.512875,0.542196470565,0.732880434782,0.0263024906017,HLA-A*02:01
tesla-8c5ece8252b99aa7,MHCflurry,2.2.1,presentation,0.554259482461,higher,predicted,342.42092255,1.141625,0.554259482461,0.708097826087,0.441713316366,HLA-A*02:01
tesla-4b12f50397023800,MHCflurry,2.2.1,presentation,0.706463287577,higher,predicted,41.7886700011,0.2945,0.706463287577,0.427663043478,0.0508890305646,HLA-A*02:01
tesla-002a691a3e3cd93b,MHCflurry,2.2.1,presentation,0.948538159188,higher,predicted,30.9302364313,0.09225,0.948538159188,0.0495108695652,0.543675257824,HLA-A*68:01
tesla-3bb52604654d65a5,MHCflurry,2.2.1,presentation,0.0895545402754,higher,predicted,1057.46034904,1.784625,0.0895545402754,3.15885869565,0.0342383638199,HLA-A*02:01
tesla-6a90e2fbfe007e02,MHCflurry,2.2.1,presentation,0.822692895552,higher,predicted,36.8513137161,0.174375,0.822692895552,0.242798913043,0.201900765765,HLA-A*68:01
tesla-0560014b5277bae4,MHCflurry,2.2.1,presentation,0.985294587605,higher,predicted,26.9658095908,0.045625,0.985294587605,0.003125,0.870799653232,HLA-A*68:01
tesla-41434cd8ade6f2e5,MHCflurry,2.2.1,presentation,0.687380869314,higher,predicted,1101.67199237,1.150875,0.687380869314,0.459891304348,0.923627711833,HLA-B*44:02
tesla-6ac7e4f40ed372b5,MHCflurry,2.2.1,presentation,0.678510103927,higher,predicted,46.2659623506,0.039125,0.678510103927,0.475326086956,0.0417119542835,HLA-B*44:02
tesla-3438dd9a2f8537cc,MHCflurry,2.2.1,presentation,0.711908676915,higher,predicted,49.2640666975,0.055875,0.711908676915,0.418288043478,0.103532356792,HLA-B*44:02
tesla-abd287fe778ca178,MHCflurry,2.2.1,presentation,0.718217574472,higher,predicted,43.4234882311,0.02075,0.718217574472,0.407826086957,0.0776389620733,HLA-B*44:02
tesla-d876d75dcd17e205,MHCflurry,2.2.1,presentation,0.979558038623,higher,predicted,27.912340512,0.056875,0.979558038623,0.00842391304349,0.785527922213,HLA-A*68:01
tesla-21b1e02f2206dc6c,MHCflurry,2.2.1,presentation,0.879997740371,higher,predicted,65.9712779541,0.4475,0.879997740371,0.152717391304,0.491137061268,HLA-A*02:01
tesla-b1ce97b5544c383d,MHCflurry,2.2.1,presentation,0.989512776375,higher,predicted,24.9500015402,0.026125,0.989512776375,0.0013858695652,0.946223624051,HLA-A*68:01
tesla-674c45dad6c7db3e,MHCflurry,2.2.1,presentation,0.796835780531,higher,predicted,364.563467579,1.337,0.796835780531,0.282472826087,0.78358970955,HLA-A*68:01
tesla-116e5eb351521276,MHCflurry,2.2.1,presentation,0.88443785411,higher,predicted,25.008120366,0.026125,0.88443785411,0.146467391304,0.236907825922,HLA-A*68:01
tesla-27cc5024bdc42cde,MHCflurry,2.2.1,presentation,0.911508282045,higher,predicted,30.2802035702,0.08475,0.911508282045,0.103940217391,0.373381502926,HLA-A*68:01
tesla-8f0e99e949133f17,MHCflurry,2.2.1,presentation,0.977431715356,higher,predicted,21.4657045532,0.115,0.977431715356,0.0108695652174,0.684848081321,HLA-A*02:01
tesla-82e45c203a3bcfc7,MHCflurry,2.2.1,presentation,0.926879892053,higher,predicted,11.8933377071,0.0135,0.926879892053,0.0822282608696,0.175475785974,HLA-A*02:01
tesla-25d2eff6bdee7d10,MHCflurry,2.2.1,presentation,0.751727705171,higher,predicted,38.1192888694,0.2675,0.751727705171,0.35597826087,0.0905448680278,HLA-A*02:01
tesla-a5a1c8d48997afb2,MHCflurry,2.2.1,presentation,0.823650882827,higher,predicted,19.8954348793,0.097,0.823650882827,0.240951086956,0.0345350211719,HLA-A*02:01
tesla-da4640a408388083,MHCflurry,2.2.1,presentation,0.847619793575,higher,predicted,28.01330985,0.056875,0.847619793575,0.203858695652,0.177876059432,HLA-A*68:01
tesla-336997ed4cf1d67d,MHCflurry,2.2.1,presentation,0.854456007754,higher,predicted,39.4085488319,0.201625,0.854456007754,0.193043478261,0.286820348352,HLA-A*68:01
tesla-e7d4e259d51c103a,MHCflurry,2.2.1,presentation,0.721820072544,higher,predicted,48.5594758992,0.345875,0.721820072544,0.401766304348,0.11338014272,HLA-A*02:01
tesla-83dc7d0223c0fa2a,MHCflurry,2.2.1,presentation,0.92923097279,higher,predicted,25.518565139,0.030375,0.92923097279,0.0778260869565,0.395019314252,HLA-A*68:01
tesla-fe561a9591e09d2d,MHCflurry,2.2.1,presentation,0.0125371873694,higher,predicted,11442.59858,6.131375,0.0125371873694,18.6179891304,0.109390513157,HLA-A*68:01
tesla-01fb1dcf2e5db5ba,MHCflurry,2.2.1,presentation,0.753067717259,higher,predicted,27.4215198326,0.168875,0.753067717259,0.352907608696,0.00214693081216,HLA-A*02:01
tesla-736fbb66baa1e5f3,MHCflurry,2.2.1,presentation,0.840367860289,higher,predicted,44.5654369817,0.317125,0.840367860289,0.215054347826,0.289769373834,HLA-A*02:01
tesla-0a4a6459a0de4168,MHCflurry,2.2.1,presentation,0.119928666616,higher,predicted,741.103313565,1.8025,0.119928666616,2.58752717391,0.0287774142489,HLA-A*68:01
tesla-a74e5cd3483401b9,MHCflurry,2.2.1,presentation,0.0295464691382,higher,predicted,18069.1170953,10.205875,0.0295464691382,8.26921195652,0.482020717114,HLA-A*02:01
tesla-7d00c11e73b47e7f,MHCflurry,2.2.1,presentation,0.949742922113,higher,predicted,50.7047178842,0.066375,0.949742922113,0.0480706521739,0.686429668218,HLA-B*44:02
tesla-762d858f10d3866b,MHCflurry,2.2.1,presentation,0.982001606382,higher,predicted,43.9514738432,0.022625,0.982001606382,0.0052445652174,0.946858875453,HLA-B*44:02
tesla-b4938af023ea1673,MHCflurry,2.2.1,presentation,0.976644910854,higher,predicted,40.0163687014,0.004875,0.976644910854,0.0120923913044,0.845926225185,HLA-B*44:02
tesla-17680e7afc1bea93,MHCflurry,2.2.1,presentation,0.947999715312,higher,predicted,46.6112720821,0.039125,0.947999715312,0.0495108695652,0.653163470328,HLA-B*44:02
tesla-2233326548b61aa6,MHCflurry,2.2.1,presentation,0.895554648311,higher,predicted,34.2009988125,0.231875,0.895554648311,0.128532608696,0.354970699176,HLA-A*02:01
tesla-ff1612b7384ab4dd,MHCflurry,2.2.1,presentation,0.839424822652,higher,predicted,31.0091642664,0.204,0.839424822652,0.216548913043,0.188218730036,HLA-A*02:01
tesla-d53377c149055aa5,MHCflurry,2.2.1,presentation,0.990052359368,higher,predicted,11.7946750326,0.013,0.990052359368,0.00111413043476,0.755615741014,HLA-A*02:01
tesla-757d7e4ff453f62b,MHCflurry,2.2.1,presentation,0.0198367919508,higher,predicted,7850.84025178,4.5915,0.0198367919508,12.1872282609,0.137746811379,HLA-A*02:01
tesla-e91168e4291a605e,MHCflurry,2.2.1,presentation,0.731930682371,higher,predicted,50.3697264079,0.316625,0.731930682371,0.38660326087,0.137823826706,HLA-A*68:01
tesla-094c84ffae1dad30,MHCflurry,2.2.1,presentation,0.0106373998979,higher,predicted,10321.3085838,3.04475,0.0106373998979,22.1923097826,0.0340898943978,HLA-B*44:02
tesla-92dc7f94d479cfd8,MHCflurry,2.2.1,presentation,0.0835924441917,higher,predicted,1515.38514898,2.057625,0.0835924441917,3.32657608696,0.111700343841,HLA-A*02:01
tesla-3a11b33b31854db1,MHCflurry,2.2.1,presentation,0.810728879782,higher,predicted,35.5067598483,0.15325,0.810728879782,0.261956521739,0.169100973289,HLA-A*68:01
tesla-043642e747ec0ae6,MHCflurry,2.2.1,presentation,0.936728072444,higher,predicted,20.2765191887,0.0995,0.936728072444,0.0670652173913,0.365811731666,HLA-A*02:01
tesla-c2a5ca55fc704fb5,MHCflurry,2.2.1,presentation,0.134541379042,higher,predicted,1476.28694233,1.2865,0.134541379042,2.39032608696,0.255202610511,HLA-B*44:02
tesla-5b7d93bbb1483902,MHCflurry,2.2.1,presentation,0.920641984583,higher,predicted,56.6109946807,0.394,0.920641984583,0.0904347826087,0.578770991415,HLA-A*02:01
tesla-c7b1b1d19fca3296,MHCflurry,2.2.1,presentation,0.487578171067,higher,predicted,108.989546202,0.641875,0.487578171067,0.846820652174,0.0517932110233,HLA-A*02:01
tesla-3e8678d57597be72,MHCflurry,2.2.1,presentation,0.819204705698,higher,predicted,33.1312268256,0.223,0.819204705698,0.248152173913,0.165978480596,HLA-A*02:01
tesla-ad1165c60777d4d5,MHCflurry,2.2.1,presentation,0.0669922533671,higher,predicted,1717.1954203,2.1605,0.0669922533671,3.99690217391,0.0783812718,HLA-A*02:01
tesla-122798807b87fa7c,MHCflurry,2.2.1,presentation,0.350278557932,higher,predicted,1039.14047735,1.777125,0.350278557932,1.19866847826,0.510279618204,HLA-A*02:01
tesla-fd148449f5f5a274,MHCflurry,2.2.1,presentation,0.987881347663,higher,predicted,14.680612924,0.041125,0.987881347663,0.0020652173913,0.75929107517,HLA-A*02:01
tesla-a1226d352df69cdf,MHCflurry,2.2.1,presentation,0.938337960197,higher,predicted,15.2351826373,0.0455,0.938337960197,0.0643206521739,0.295102934819,HLA-A*02:01
tesla-60a47fa115eec5c1,MHCflurry,2.2.1,presentation,0.995949140482,higher,predicted,10.6520312105,0.003625,0.995949140482,0.000190217391278,0.983240582049,HLA-A*02:01
tesla-a0a36401dc9c1279,MHCflurry,2.2.1,presentation,0.705916876178,higher,predicted,35.4844361245,0.24275,0.705916876178,0.427663043478,0.00524911629691,HLA-A*02:01
tesla-138a7da522432950,MHCflurry,2.2.1,presentation,0.0661162853207,higher,predicted,1311.42967364,1.937625,0.0661162853207,3.99690217391,0.0003874085387,HLA-A*02:01
tesla-8dae54f83bb22934,MHCflurry,2.2.1,presentation,0.162235096493,higher,predicted,472.754123925,1.30275,0.162235096493,2.11133152174,0.00467676520202,HLA-A*02:01
tesla-fdc53556a90bf9b6,MHCflurry,2.2.1,presentation,0.795859609795,higher,predicted,47.9071443133,0.04825,0.795859609795,0.28410326087,0.224729887675,HLA-B*44:02
tesla-5f39b09d538f93ab,MHCflurry,2.2.1,presentation,0.249929474553,higher,predicted,5600.1029834,4.094625,0.249929474553,1.57067934783,0.83671348542,HLA-A*68:01
tesla-cc1bdf16d4b3df17,MHCflurry,2.2.1,presentation,0.100381578434,higher,predicted,883.028582801,1.928375,0.100381578434,2.91057065217,0.020386531367,HLA-A*68:01
tesla-9355edea8b417e96,MHCflurry,2.2.1,presentation,0.889204452696,higher,predicted,55.1045923301,0.36375,0.889204452696,0.138342391304,0.467226533219,HLA-A*68:01
tesla-1d05186c82d7addd,MHCflurry,2.2.1,presentation,0.703973308023,higher,predicted,67.2839458223,0.157625,0.703973308023,0.431086956522,0.178265477531,HLA-B*44:02
tesla-f6505b9fc8747cc0,MHCflurry,2.2.1,presentation,0.807321711776,higher,predicted,26.5014825009,0.16225,0.807321711776,0.266956521739,0.0825593490154,HLA-A*02:01
tesla-fbf4a9929b22a019,MHCflurry,2.2.1,presentation,0.969351031303,higher,predicted,35.8894583494,0.245625,0.969351031303,0.0200815217392,0.737109586596,HLA-A*02:01
tesla-b882dc358947b0a1,MHCflurry,2.2.1,presentation,0.875628225385,higher,predicted,28.2204219955,0.177125,0.875628225385,0.160923913043,0.246490861289,HLA-A*02:01
tesla-5b0924e0b59db559,MHCflurry,2.2.1,presentation,0.835050203142,higher,predicted,51.3599182841,0.325625,0.835050203142,0.222663043478,0.317670417018,HLA-A*68:01
tesla-b06432164cbf4168,MHCflurry,2.2.1,presentation,0.00949463980585,higher,predicted,12158.3254846,6.41725,0.00949463980585,24.5792391304,0.0466129267006,HLA-A*02:01
tesla-dca66a2387d7634d,MHCflurry,2.2.1,presentation,0.960944723134,higher,predicted,45.2728044036,0.0315,0.960944723134,0.0330434782609,0.72990815714,HLA-B*44:02
tesla-8e4c4fdb25c716e3,MHCflurry,2.2.1,presentation,0.688256798711,higher,predicted,38.7342852355,0.272,0.688256798711,0.457989130435,0.0056639748218,HLA-A*02:01
tesla-357876cd834234e2,MHCflurry,2.2.1,presentation,0.92135944,higher,predicted,15.3933820859,0.047125,0.92135944,0.0888043478261,0.224035808351,HLA-A*02:01
tesla-bea5c8ffa61a880b,MHCflurry,2.2.1,presentation,0.746176071662,higher,predicted,63.5846303888,0.43,0.746176071662,0.363913043478,0.222667481517,HLA-A*68:01
tesla-6cecfb1cffa11176,MHCflurry,2.2.1,presentation,0.839626444344,higher,predicted,26.5723356856,0.038875,0.839626444344,0.216548913043,0.146249620942,HLA-A*68:01
tesla-8c88fc67e7221073,MHCflurry,2.2.1,presentation,0.75743226246,higher,predicted,80.8890609903,0.545375,0.75743226246,0.346086956522,0.305802850053,HLA-A*68:01
tesla-5b6f822d911e0134,MHCflurry,2.2.1,presentation,0.584654238467,higher,predicted,77.2703247128,0.526875,0.584654238467,0.644972826087,0.0680497311987,HLA-A*68:01
tesla-519e959be5dda3a4,MHCflurry,2.2.1,presentation,0.713770030145,higher,predicted,56.2463182242,0.1045,0.713770030145,0.41527173913,0.142491295002,HLA-B*44:02
tesla-5945a265ace31a75,MHCflurry,2.2.1,presentation,0.895649150102,higher,predicted,12.0793542617,0.015375,0.895649150102,0.128532608696,0.0695283242094,HLA-A*02:01
tesla-b9443cd1697dec23,MHCflurry,2.2.1,presentation,0.784529454088,higher,predicted,23.3289285829,0.132125,0.784529454088,0.302798913043,0.00786046672147,HLA-A*02:01
tesla-7b518c43687a6787,MHCflurry,2.2.1,presentation,0.314406351611,higher,predicted,226.206463413,0.94625,0.314406351611,1.31402173913,0.0459644565708,HLA-A*02:01
tesla-a330a4ca2dfedf72,MHCflurry,2.2.1,presentation,0.970668598786,higher,predicted,27.7726476796,0.1715,0.970668598786,0.018722826087,0.679523080587,HLA-A*02:01
tesla-ff913064a135277d,MHCflurry,2.2.1,presentation,0.987568238829,higher,predicted,16.0369350302,0.054,0.987568238829,0.0020652173913,0.776251874864,HLA-A*02:01
tesla-dcb4b7a6d154b1b2,MHCflurry,2.2.1,presentation,0.823083608903,higher,predicted,25.8209823375,0.033625,0.823083608903,0.240951086956,0.105004016776,HLA-A*68:01
tesla-fa74d97b31e5ab38,MHCflurry,2.2.1,presentation,0.478943072506,higher,predicted,131.041380833,0.395625,0.478943072506,0.867717391304,0.092606495833,HLA-B*44:02
tesla-08f3b3eb2d029098,MHCflurry,2.2.1,presentation,0.982906628518,higher,predicted,42.0867020654,0.012875,0.982906628518,0.0052445652174,0.949798442423,HLA-B*44:02
tesla-f2a033907dea1a77,MHCflurry,2.2.1,presentation,0.0262457219455,higher,predicted,5320.92353311,3.041625,0.0262457219455,9.15535326087,0.111940483563,HLA-B*08:01
tesla-cd72a9710ffb0331,MHCflurry,2.2.1,presentation,0.140786111376,higher,predicted,3214.12870724,2.283875,0.140786111376,2.32364130435,0.483670775779,HLA-B*08:01
tesla-15d878de54dfa6bf,MHCflurry,2.2.1,presentation,0.699997290693,higher,predicted,55.3907160904,0.049625,0.699997290693,0.438206521739,0.119493335485,HLA-B*08:01
tesla-707eb38101757d13,MHCflurry,2.2.1,presentation,0.922454646481,higher,predicted,91.9591592865,0.160625,0.922454646481,0.087472826087,0.719047676772,HLA-B*08:01
tesla-7ee2680775e0f087,MHCflurry,2.2.1,presentation,0.782440455599,higher,predicted,135.139023127,0.396875,0.782440455599,0.305706521739,0.486637200695,HLA-A*24:02
tesla-884de2e1da442dc6,MHCflurry,2.2.1,presentation,0.152997887994,higher,predicted,506.256695314,0.872125,0.152997887994,2.20225543478,0.00380595590104,HLA-A*24:02
tesla-ff3b7b4ff8a1bba1,MHCflurry,2.2.1,presentation,0.734043557213,higher,predicted,88.7318802162,0.269125,0.734043557213,0.383695652174,0.296326759737,HLA-A*24:02
tesla-96b058801c4154ef,MHCflurry,2.2.1,presentation,0.875226331223,higher,predicted,154.195452191,0.441,0.875226331223,0.160923913043,0.711663946509,HLA-A*24:02
tesla-dd84e5b169378f53,MHCflurry,2.2.1,presentation,0.376407740909,higher,predicted,152.097002042,0.44725,0.376407740909,1.12002717391,0.0146530497586,HLA-B*44:02
tesla-8fb3114d4994e26c,MHCflurry,2.2.1,presentation,0.514962869647,higher,predicted,107.548716156,0.324,0.514962869647,0.790543478261,0.0791071006097,HLA-B*44:02
tesla-021f03fe576d86f9,MHCflurry,2.2.1,presentation,0.871890081518,higher,predicted,68.5746415902,0.16425,0.871890081518,0.165597826087,0.480668417178,HLA-B*44:02
tesla-63b1c974481b148b,MHCflurry,2.2.1,presentation,0.934482943178,higher,predicted,59.0709820716,0.118625,0.934482943178,0.0697282608696,0.648836016655,HLA-B*44:02
tesla-981e28248f9246f2,MHCflurry,2.2.1,presentation,0.0653512899548,higher,predicted,3694.79006111,2.47,0.0653512899548,4.0479076087,0.281235422939,HLA-B*08:01
tesla-ef58c8b33e6212bf,MHCflurry,2.2.1,presentation,0.943400052607,higher,predicted,81.3222983253,0.130375,0.943400052607,0.0570108695652,0.780635081232,HLA-B*08:01
tesla-6d3804fd6d93af64,MHCflurry,2.2.1,presentation,0.900768535718,higher,predicted,65.0311761745,0.17625,0.900768535718,0.121195652174,0.547506649047,HLA-A*24:02
tesla-be6a2b03385c184e,MHCflurry,2.2.1,presentation,0.0113448001456,higher,predicted,9528.27607672,4.4565,0.0113448001456,20.2322554348,0.0305406035986,HLA-B*08:01
tesla-f5731d778d7a0ce0,MHCflurry,2.2.1,presentation,0.977446340322,higher,predicted,52.3781212412,0.03825,0.977446340322,0.0108695652174,0.929932899773,HLA-B*08:01
tesla-29765fd7849aba80,MHCflurry,2.2.1,presentation,0.976032175652,higher,predicted,39.2229398564,0.007,0.976032175652,0.0120923913044,0.83293120563,HLA-B*08:01
tesla-88e196ffd97f684f,MHCflurry,2.2.1,presentation,0.18401121632,higher,predicted,516.084386155,0.853125,0.18401121632,1.94760869565,0.0717940982431,HLA-B*44:02
tesla-39300fd8999b35be,MHCflurry,2.2.1,presentation,0.760414103194,higher,predicted,33.8361542217,0.000375,0.760414103194,0.341277173913,0.0711354534142,HLA-B*08:01
tesla-37d9e1823cbcb557,MHCflurry,2.2.1,presentation,0.847386153984,higher,predicted,64.3686676213,0.079125,0.847386153984,0.203858695652,0.40576678142,HLA-B*08:01
tesla-9dfc6d2ea04c61b8,MHCflurry,2.2.1,presentation,0.342291578774,higher,predicted,194.790839102,0.405,0.342291578774,1.2239673913,0.0406683302717,HLA-B*08:01
tesla-05bfe8a4d4ecda24,MHCflurry,2.2.1,presentation,0.983188903642,higher,predicted,26.0114043963,0.002875,0.983188903642,0.00451086956522,0.822478823364,HLA-A*24:02
tesla-d8c52f9f1b1de019,MHCflurry,2.2.1,presentation,0.0483188173548,higher,predicted,3206.42638439,1.743125,0.0483188173548,5.24777173913,0.151867352426,HLA-B*44:02
tesla-40dc749ac30165d3,MHCflurry,2.2.1,presentation,0.647520316196,higher,predicted,60.4865520524,0.066875,0.647520316196,0.529592391304,0.0760692909826,HLA-B*08:01
tesla-c386239f2963d9f0,MHCflurry,2.2.1,presentation,0.845155325458,higher,predicted,91.5983675612,0.160625,0.845155325458,0.207065217391,0.497773742303,HLA-B*08:01
tesla-10982ef2ecc4c390,MHCflurry,2.2.1,presentation,0.00596125694016,higher,predicted,20143.116104,8.18,0.00596125694016,46.224673913,0.0526554433163,HLA-A*24:02
tesla-f41b6caf8bdbd160,MHCflurry,2.2.1,presentation,0.197923445211,higher,predicted,477.306593025,0.808375,0.197923445211,1.85241847826,0.0758093649056,HLA-B*08:01
tesla-8f91df273d3e736f,MHCflurry,2.2.1,presentation,0.418179832684,higher,predicted,1216.30615735,1.295125,0.418179832684,1.01160326087,0.63477480039,HLA-A*24:02
tesla-bb9ef4d56904c047,MHCflurry,2.2.1,presentation,0.922942435358,higher,predicted,45.8617063757,0.084625,0.922942435358,0.0861141304348,0.529980193824,HLA-A*24:02
tesla-a809fdcd4d9b2995,MHCflurry,2.2.1,presentation,0.0712637425207,higher,predicted,1541.52054609,1.551,0.0712637425207,3.7645923913,0.0675190193579,HLA-B*08:01
tesla-5009f7745e445ae4,MHCflurry,2.2.1,presentation,0.462666454823,higher,predicted,102.871711867,0.18725,0.462666454823,0.903559782609,0.00769378854602,HLA-B*08:01
tesla-7cd83bec265b9523,MHCflurry,2.2.1,presentation,0.399926029193,higher,predicted,152.223427174,0.433875,0.399926029193,1.05760869565,0.0428762931842,HLA-A*24:02
tesla-f244e81c48788c61,MHCflurry,2.2.1,presentation,0.00927493631489,higher,predicted,12990.3879557,4.73075,0.00927493631489,24.5792391304,0.0581065132574,HLA-A*24:02
tesla-2dc3d4ca3466a72c,MHCflurry,2.2.1,presentation,0.560728486353,higher,predicted,101.766442177,0.30575,0.560728486353,0.692907608696,0.11601059942,HLA-B*44:02
tesla-178a7a3aecd9f360,MHCflurry,2.2.1,presentation,0.716930274647,higher,predicted,51.6345263086,0.07425,0.716930274647,0.409565217391,0.123391034664,HLA-B*44:02
tesla-8842a802396bf3c0,MHCflurry,2.2.1,presentation,0.00790311015782,higher,predicted,23779.511502,11.558,0.00790311015782,31.6431793478,0.178467096062,HLA-A*24:02
tesla-670ed7e83f5470a2,MHCflurry,2.2.1,presentation,0.179692916945,higher,predicted,446.532017599,0.804625,0.179692916945,1.97502717391,0.0238484828733,HLA-B*44:02
tesla-0488fc73b2db3f3d,MHCflurry,2.2.1,presentation,0.686681240971,higher,predicted,304.73678875,0.674,0.686681240971,0.461385869565,0.569888619706,HLA-A*24:02
tesla-19d77c44af507ccd,MHCflurry,2.2.1,presentation,0.520859703433,higher,predicted,183.92492991,0.495625,0.520859703433,0.776711956522,0.23309533298,HLA-A*24:02
tesla-08c9663aad176deb,MHCflurry,2.2.1,presentation,0.594477221826,higher,predicted,146.271960765,0.421,0.594477221826,0.627255434783,0.254722540732,HLA-A*24:02
tesla-bca6031992e8fbcd,MHCflurry,2.2.1,presentation,0.736953161793,higher,predicted,71.2629030933,0.173625,0.736953161793,0.37875,0.240363198332,HLA-B*44:02
tesla-ebcb63737f9e72b7,MHCflurry,2.2.1,presentation,0.910520387384,higher,predicted,44.1739057951,0.016125,0.910520387384,0.105461956522,0.473614042625,HLA-B*08:01
tesla-40bf3bc2f438636a,MHCflurry,2.2.1,presentation,0.014102919603,higher,predicted,11191.3475332,5.06125,0.014102919603,16.1575543478,0.137004918972,HLA-B*08:01
tesla-768fc8a00b2d1d2b,MHCflurry,2.2.1,presentation,0.458135233317,higher,predicted,236.612886583,0.583875,0.458135233317,0.915244565217,0.231213646941,HLA-A*24:02
tesla-c6d598fbf345248d,MHCflurry,2.2.1,presentation,0.367294898516,higher,predicted,226.835653164,0.567875,0.367294898516,1.14722826087,0.113360950258,HLA-A*24:02
tesla-477064c9b5a26b31,MHCflurry,2.2.1,presentation,0.222266821505,higher,predicted,448.511697493,0.824375,0.222266821505,1.70380434783,0.100222559879,HLA-A*24:02
tesla-3f03c2e5a712aa14,MHCflurry,2.2.1,presentation,0.141119830306,higher,predicted,656.972528302,0.984375,0.141119830306,2.32364130435,0.0485731449444,HLA-B*08:01
tesla-a32b92f527366cf3,MHCflurry,2.2.1,presentation,0.908127627186,higher,predicted,52.3100532829,0.078375,0.908127627186,0.108641304348,0.511823654175,HLA-B*44:02
tesla-b1dba6429e4579c3,MHCflurry,2.2.1,presentation,0.840868932154,higher,predicted,59.905202464,0.15175,0.840868932154,0.21375,0.372036242858,HLA-A*24:02
tesla-4d575877c20eb95f,MHCflurry,2.2.1,presentation,0.826074947445,higher,predicted,89.9059420017,0.272625,0.826074947445,0.236684782609,0.453357037157,HLA-A*24:02
tesla-a2b35a52907aa824,MHCflurry,2.2.1,presentation,0.968311571801,higher,predicted,24.1232871198,0.001125,0.968311571801,0.0214130434783,0.618314880878,HLA-A*24:02
tesla-743ba95af68ca932,MHCflurry,2.2.1,presentation,0.00949789550164,higher,predicted,12336.178499,4.5075,0.00949789550164,24.5792391304,0.0506976390025,HLA-A*24:02
tesla-487cef6fa5560e41,MHCflurry,2.2.1,presentation,0.638345327808,higher,predicted,271.376149154,0.62925,0.638345327808,0.54535326087,0.476878819987,HLA-A*24:02
tesla-bbf31bdc95777ce9,MHCflurry,2.2.1,presentation,0.858505518471,higher,predicted,49.5152944497,0.02925,0.858505518471,0.187173913043,0.358808833174,HLA-B*08:01
tesla-cea86752ce437511,MHCflurry,2.2.1,presentation,0.740482086413,higher,predicted,52.5316659236,0.03825,0.740482086413,0.373586956522,0.161807519384,HLA-B*08:01
tesla-6cb53c2487b004e6,MHCflurry,2.2.1,presentation,0.461972570107,higher,predicted,173.967969007,0.36375,0.461972570107,0.905923913043,0.151144286385,HLA-B*08:01
tesla-386f16e3c74012d9,MHCflurry,2.2.1,presentation,0.0316955054067,higher,predicted,6867.40180186,3.13525,0.0316955054067,7.77809782609,0.236897564493,HLA-A*03:01
tesla-2dd5563a70fcfc07,MHCflurry,2.2.1,presentation,0.962509309809,higher,predicted,40.0271497031,0.28175,0.962509309809,0.0298641304348,0.708114571869,HLA-A*02:01
tesla-0a1f912ea1c28d50,MHCflurry,2.2.1,presentation,0.984493303026,higher,predicted,25.7478282039,0.15575,0.984493303026,0.00372282608696,0.842885077,HLA-A*02:01
tesla-7bb49170c1d6bff8,MHCflurry,2.2.1,presentation,0.706924071467,higher,predicted,78.5467530239,0.508,0.706924071467,0.42625,0.22477009939,HLA-A*02:01
tesla-52b412d560f7e900,MHCflurry,2.2.1,presentation,0.991719798368,higher,predicted,11.6899849397,0.013,0.991719798368,0.000842391304317,0.805498197675,HLA-A*02:01
tesla-9fbec40b6b932c2d,MHCflurry,2.2.1,presentation,0.729919937499,higher,predicted,35.9340039031,0.064375,0.729919937499,0.389836956522,0.0422207914526,HLA-A*03:01
tesla-aee9f7a0ae659ec8,MHCflurry,2.2.1,presentation,0.884089575329,higher,predicted,55.3710403506,0.1375,0.884089575329,0.146467391304,0.454164708033,HLA-B*07:02
tesla-b53244d3088b4cf0,MHCflurry,2.2.1,presentation,0.0136258666498,higher,predicted,7216.39810581,3.01825,0.0136258666498,17.3055978261,0.00667874493956,HLA-B*07:02
tesla-502e0e4ef0e6c777,MHCflurry,2.2.1,presentation,0.139571362769,higher,predicted,581.940994042,0.993875,0.139571362769,2.33451086957,0.011651463079,HLA-B*07:02
tesla-711e7034b07ed89b,MHCflurry,2.2.1,presentation,0.63313259608,higher,predicted,69.8467545033,0.27675,0.63313259608,0.555027173913,0.0979121874552,HLA-A*03:01
tesla-fd4d59346074b4c9,MHCflurry,2.2.1,presentation,0.498352734265,higher,predicted,118.047611992,0.669125,0.498352734265,0.824701086956,0.0858952630078,HLA-A*02:01
tesla-b88c622bb0a03534,MHCflurry,2.2.1,presentation,0.302181004432,higher,predicted,235.218132933,0.707375,0.302181004432,1.35964673913,0.0404845442972,HLA-A*03:01
tesla-d81b7a82c21aa79e,MHCflurry,2.2.1,presentation,0.976045911286,higher,predicted,21.6369293273,0.115,0.976045911286,0.0120923913044,0.669785086066,HLA-A*02:01
tesla-5637786164fc4bce,MHCflurry,2.2.1,presentation,0.568975355416,higher,predicted,378.005174103,1.1905,0.568975355416,0.678043478261,0.485750934109,HLA-A*02:01
tesla-949065e1f253fc96,MHCflurry,2.2.1,presentation,0.478893267845,higher,predicted,126.022000473,0.482,0.478893267845,0.867717391304,0.0818275273778,HLA-A*03:01
tesla-d9914b684e7d427f,MHCflurry,2.2.1,presentation,0.279377462606,higher,predicted,254.879456983,0.737,0.279377462606,1.43986413043,0.031259213516,HLA-A*03:01
tesla-d3e08d3798e9d81b,MHCflurry,2.2.1,presentation,0.815723375817,higher,predicted,37.7084549823,0.031625,0.815723375817,0.254293478261,0.19491175469,HLA-B*07:02
tesla-9207108c2ae6acf8,MHCflurry,2.2.1,presentation,0.899121659968,higher,predicted,46.4452463213,0.08275,0.899121659968,0.122663043478,0.449929539114,HLA-B*07:02
tesla-530261c459ee0a2c,MHCflurry,2.2.1,presentation,0.660310183155,higher,predicted,78.3047400077,0.255125,0.660310183155,0.507717391304,0.16292605456,HLA-B*07:02
tesla-4407412b1c9c9690,MHCflurry,2.2.1,presentation,0.464998519948,higher,predicted,123.391162528,0.475,0.464998519948,0.899103260869,0.0602763642091,HLA-A*03:01
tesla-006675f14b50a976,MHCflurry,2.2.1,presentation,0.463152163105,higher,predicted,149.941284636,0.76675,0.463152163105,0.903559782609,0.111681415699,HLA-A*02:01
tesla-b139df5128801fcb,MHCflurry,2.2.1,presentation,0.850636533835,higher,predicted,111.157201556,0.6455,0.850636533835,0.199375,0.562918964773,HLA-A*02:01
tesla-d7db8cd063a95dce,MHCflurry,2.2.1,presentation,0.778394505495,higher,predicted,193.422976183,0.881125,0.778394505495,0.312364130435,0.578406818211,HLA-A*02:01
tesla-3612b043abcc40ed,MHCflurry,2.2.1,presentation,0.730228973338,higher,predicted,36.2543041171,0.02175,0.730228973338,0.389836956522,0.0451002933551,HLA-B*07:02
tesla-523e16e0a507e84a,MHCflurry,2.2.1,presentation,0.93207356299,higher,predicted,56.8246455622,0.148625,0.93207356299,0.0733967391304,0.627255270258,HLA-B*07:02
tesla-3c2d54765a409a86,MHCflurry,2.2.1,presentation,0.443402275444,higher,predicted,141.037674334,0.521875,0.443402275444,0.949510869565,0.0723472544923,HLA-A*03:01
tesla-9c8e8cde5e3906a8,MHCflurry,2.2.1,presentation,0.604956938566,higher,predicted,69.2777590181,0.4645,0.604956938566,0.605788043478,0.0618868619204,HLA-A*02:01
tesla-94b9b04acc7f6b6b,MHCflurry,2.2.1,presentation,0.108098295209,higher,predicted,962.389818559,1.722375,0.108098295209,2.77845108696,0.0673813157482,HLA-A*02:01
tesla-c8522577e24d932d,MHCflurry,2.2.1,presentation,0.6635320204,higher,predicted,44.402044851,0.317125,0.6635320204,0.501929347826,0.0112432671303,HLA-A*02:01
tesla-c57f99564709f058,MHCflurry,2.2.1,presentation,0.110712273395,higher,predicted,742.665445524,1.559625,0.110712273395,2.72456521739,0.00381083793764,HLA-A*02:01
tesla-88912e6c31fd5b42,MHCflurry,2.2.1,presentation,0.0112081992149,higher,predicted,9070.94939587,5.06475,0.0112081992149,20.2322554348,0.0135740374681,HLA-A*02:01
tesla-00b09145723c594a,MHCflurry,2.2.1,presentation,0.912507686358,higher,predicted,24.4380958072,0.1445,0.912507686358,0.1025,0.318053785712,HLA-A*02:01
tesla-0e7b753619899870,MHCflurry,2.2.1,presentation,0.645595290042,higher,predicted,69.7106627639,0.21625,0.645595290042,0.53277173913,0.112654288765,HLA-B*07:02
tesla-1a6d78b250a1875f,MHCflurry,2.2.1,presentation,0.543252088139,higher,predicted,73.8880257481,0.48925,0.543252088139,0.730353260869,0.0081467642558,HLA-A*02:01
tesla-7f29bdf3d8eba86b,MHCflurry,2.2.1,presentation,0.537138104751,higher,predicted,88.5200213694,0.251625,0.537138104751,0.74375,0.0507926911814,HLA-C*06:02
tesla-f0b2b43c701ee888,MHCflurry,2.2.1,presentation,0.00643174172631,higher,predicted,15733.2125815,25.056,0.00643174172631,37.359048913,0.00642396949115,HLA-C*06:02
tesla-95235f2880c56f3e,MHCflurry,2.2.1,presentation,0.858623268628,higher,predicted,14.893465078,0.041625,0.858623268628,0.187173913043,0.0292634161888,HLA-A*02:01
tesla-ea400f0301c730ea,MHCflurry,2.2.1,presentation,0.0345260557976,higher,predicted,2891.15550262,2.050625,0.0345260557976,7.14706521739,0.024389920145,HLA-A*03:01
tesla-64d78323c3eb4fb8,MHCflurry,2.2.1,presentation,0.49342568029,higher,predicted,359.166072794,0.869375,0.49342568029,0.836059782609,0.385802882724,HLA-A*03:01
tesla-f7c927a05af6edbb,MHCflurry,2.2.1,presentation,0.203457650203,higher,predicted,461.32904315,1.292625,0.203457650203,1.81350543478,0.0762133020908,HLA-A*02:01
tesla-496b2f43aec7dc31,MHCflurry,2.2.1,presentation,0.0210094363399,higher,predicted,6203.79615411,2.7745,0.0210094363399,11.630326087,0.0896751817781,HLA-B*07:02
tesla-3f63ddf74dfae575,MHCflurry,2.2.1,presentation,0.453473199959,higher,predicted,120.862958794,0.405375,0.453473199959,0.92527173913,0.0414751882199,HLA-B*07:02
tesla-662fff53df039ca1,MHCflurry,2.2.1,presentation,0.928239919635,higher,predicted,51.9180016708,0.172875,0.928239919635,0.079402173913,0.585780769587,HLA-A*03:01
tesla-329cd7d606d663d6,MHCflurry,2.2.1,presentation,0.821468784381,higher,predicted,87.1882063276,0.35325,0.821468784381,0.244565217391,0.435961911455,HLA-A*03:01
tesla-c91d2ae56f8c298e,MHCflurry,2.2.1,presentation,0.465458952159,higher,predicted,99.0485360815,0.603,0.465458952159,0.899103260869,0.000469702988994,HLA-A*02:01
tesla-6f41b7116613d4ac,MHCflurry,2.2.1,presentation,0.865350184543,higher,predicted,25.6985154422,0.15575,0.865350184543,0.176141304348,0.195011540782,HLA-A*02:01
tesla-283e85b3ebe4d669,MHCflurry,2.2.1,presentation,0.772053762113,higher,predicted,76.3115881707,0.50075,0.772053762113,0.321684782609,0.312785710208,HLA-A*02:01
tesla-9ee2e3da26c7dfb4,MHCflurry,2.2.1,presentation,0.824563152425,higher,predicted,36.643771829,0.254125,0.824563152425,0.239565217391,0.203989129863,HLA-A*02:01
tesla-1076f25cfd7ede75,MHCflurry,2.2.1,presentation,0.776145604587,higher,predicted,44.6357834598,0.317125,0.776145604587,0.315244565217,0.172167317942,HLA-A*02:01
tesla-600f5d0428e2fb75,MHCflurry,2.2.1,presentation,0.972965760881,higher,predicted,37.0499727808,0.02725,0.972965760881,0.0165760869566,0.782367758453,HLA-B*07:02
tesla-e546f6c3107d4c9e,MHCflurry,2.2.1,presentation,0.730561189298,higher,predicted,105.274145809,0.3575,0.730561189298,0.389836956522,0.3382379869,HLA-B*07:02
tesla-cdc9a36b348425a3,MHCflurry,2.2.1,presentation,0.910602509538,higher,predicted,213.613219383,0.60825,0.910602509538,0.105461956522,0.906580932438,HLA-B*07:02
tesla-1bd413be788873be,MHCflurry,2.2.1,presentation,0.976906585613,higher,predicted,50.4350938934,0.109,0.976906585613,0.0120923913044,0.912714384496,HLA-B*07:02
tesla-f37e6bdca1f8d8cb,MHCflurry,2.2.1,presentation,0.562261105545,higher,predicted,68.5372070067,0.268625,0.562261105545,0.691114130435,0.00924377844967,HLA-A*03:01
tesla-dc5d545fc67f4abc,MHCflurry,2.2.1,presentation,0.932403792708,higher,predicted,58.4277299779,0.40575,0.932403792708,0.0733967391304,0.636370588094,HLA-A*02:01
tesla-4673a647cd48d811,MHCflurry,2.2.1,presentation,0.927298056466,higher,predicted,69.244339112,0.21625,0.927298056466,0.0808423913043,0.660868827254,HLA-B*07:02
tesla-29468efdd22ae4be,MHCflurry,2.2.1,presentation,0.913977384776,higher,predicted,42.5119871308,0.11075,0.913977384776,0.0995108695652,0.475293038413,HLA-A*03:01
tesla-754c8549b59a8807,MHCflurry,2.2.1,presentation,0.48028294306,higher,predicted,158.173727802,0.564,0.48028294306,0.865461956522,0.1457867024,HLA-A*03:01
tesla-93c62db265f0fb6c,MHCflurry,2.2.1,presentation,0.969674312138,higher,predicted,40.5857281466,0.09475,0.969674312138,0.0200815217392,0.773961663246,HLA-A*03:01
tesla-d1058235789bbd50,MHCflurry,2.2.1,presentation,0.956177094679,higher,predicted,28.8915647278,0.023125,0.956177094679,0.0383152173913,0.572637956589,HLA-A*03:01
tesla-95ff120c92075767,MHCflurry,2.2.1,presentation,0.192905537567,higher,predicted,381.91602741,0.89275,0.192905537567,1.88429347826,0.00557801962714,HLA-A*03:01
tesla-c58342ee1466872c,MHCflurry,2.2.1,presentation,0.881742389523,higher,predicted,20.275580317,0.0995,0.881742389523,0.151440217391,0.171934792306,HLA-A*02:01
tesla-26683cdc2b1d8c07,MHCflurry,2.2.1,presentation,0.910780822625,higher,predicted,79.7296859146,0.321,0.910780822625,0.105461956522,0.636635888368,HLA-A*03:01
tesla-d9e886fed17477a7,MHCflurry,2.2.1,presentation,0.973215056247,higher,predicted,15.3446744178,0.047125,0.973215056247,0.0153804347826,0.543052993715,HLA-A*02:01
tesla-bc1b500cc5b2eb68,MHCflurry,2.2.1,presentation,0.342105417787,higher,predicted,214.831090243,0.9235,0.342105417787,1.2239673913,0.067318981979,HLA-A*02:01
tesla-7eb2fd7a945f88ee,MHCflurry,2.2.1,presentation,0.0921991291524,higher,predicted,1244.70015468,1.9065,0.0921991291524,3.08263586957,0.0880425582873,HLA-A*02:01
tesla-78c0cf081a7636c0,MHCflurry,2.2.1,presentation,0.77071136105,higher,predicted,25.2238213699,0.1535,0.77071136105,0.32535326087,0.00671011817758,HLA-A*02:01
tesla-4866a5cef8927c73,MHCflurry,2.2.1,presentation,0.168771463447,higher,predicted,1739.99147885,1.53825,0.168771463447,2.05934782609,0.375794724561,HLA-B*07:02
tesla-dd8865f89dd1621b,MHCflurry,2.2.1,presentation,0.46235987973,higher,predicted,117.679751542,0.40125,0.46235987973,0.905923913043,0.0442663617432,HLA-C*06:02
tesla-7a968edac5bd3f32,MHCflurry,2.2.1,presentation,0.0869926693237,higher,predicted,967.249883532,2.723625,0.0869926693237,3.23875,0.000760775738854,HLA-C*06:02
tesla-db1e67feda020d59,MHCflurry,2.2.1,presentation,0.468474840282,higher,predicted,100.414874069,0.607875,0.468474840282,0.891005434782,0.00765552134544,HLA-A*02:01
tesla-a8f20a51ad5a9396,MHCflurry,2.2.1,presentation,0.862074007962,higher,predicted,37.6665191376,0.264125,0.862074007962,0.180706521739,0.292111631483,HLA-A*02:01
tesla-3b7e035b06b8cd67,MHCflurry,2.2.1,presentation,0.990252322691,higher,predicted,15.979243848,0.053125,0.990252322691,0.00111413043476,0.844773702323,HLA-A*02:01
tesla-ca108247777a3d7e,MHCflurry,2.2.1,presentation,0.934605254438,higher,predicted,14.1817849736,0.035375,0.934605254438,0.0697282608696,0.257694514003,HLA-A*02:01
tesla-a9106bc2c7dbbf7b,MHCflurry,2.2.1,presentation,0.988161063703,higher,predicted,14.2189011254,0.03675,0.988161063703,0.00168478260868,0.757198132575,HLA-A*02:01
tesla-670d9e5a04e64dbd,MHCflurry,2.2.1,presentation,0.988229185994,higher,predicted,18.1137103335,0.077625,0.988229185994,0.00168478260868,0.825313597918,HLA-A*02:01
tesla-3c5911df901adda8,MHCflurry,2.2.1,presentation,0.219844588287,higher,predicted,317.464364203,1.103,0.219844588287,1.7204076087,0.00137454563446,HLA-A*02:01
tesla-811451a25730b20f,MHCflurry,2.2.1,presentation,0.954039920489,higher,predicted,40.8978311438,0.00725,0.954039920489,0.0411684782609,0.653957098722,HLA-B*44:02
tesla-94a43fa5863a4ca5,MHCflurry,2.2.1,presentation,0.850462527601,higher,predicted,94.7944693393,0.280375,0.850462527601,0.199375,0.51881608367,HLA-B*44:02
tesla-b015954bcb3f6586,MHCflurry,2.2.1,presentation,0.232060676737,higher,predicted,325.517668914,1.11825,0.232060676737,1.65641304348,0.0279970740667,HLA-A*02:01
tesla-0ff4e3192dbefaa4,MHCflurry,2.2.1,presentation,0.306702569658,higher,predicted,274.763613186,0.646125,0.306702569658,1.34157608696,0.089182337746,HLA-B*44:02
tesla-3f63b8b609ca7634,MHCflurry,2.2.1,presentation,0.813601108689,higher,predicted,53.0598587521,0.082,0.813601108689,0.257282608696,0.284703951329,HLA-B*44:02
tesla-9726ba3d6109f2ba,MHCflurry,2.2.1,presentation,0.858453246181,higher,predicted,21.8430150456,0.116875,0.858453246181,0.187173913043,0.134004695108,HLA-A*02:01
tesla-80bc767be73ea1bc,MHCflurry,2.2.1,presentation,0.986466020837,higher,predicted,10.6733998701,0.003625,0.986466020837,0.0025,0.640151076019,HLA-A*02:01
tesla-e094bd2dd2002cb6,MHCflurry,2.2.1,presentation,0.973156777575,higher,predicted,12.7236209791,0.019375,0.973156777575,0.0153804347826,0.490998417139,HLA-A*02:01
tesla-ea7b82a492500220,MHCflurry,2.2.1,presentation,0.929844184332,higher,predicted,10.8679725666,0.00575,0.929844184332,0.0778260869565,0.163323109038,HLA-A*02:01
tesla-4e86b6bb1f2ece6b,MHCflurry,2.2.1,presentation,0.240441125937,higher,predicted,330.348792974,1.124875,0.240441125937,1.61274456522,0.045169861085,HLA-A*02:01
tesla-ba8a86ac124857a4,MHCflurry,2.2.1,presentation,0.855057592852,higher,predicted,28.7891360647,0.028375,0.855057592852,0.191467391304,0.201988997869,HLA-C*05:01
tesla-ab3edd194a545c61,MHCflurry,2.2.1,presentation,0.846650196682,higher,predicted,37.1992269461,0.115125,0.846650196682,0.205380434783,0.253621270647,HLA-A*11:01
tesla-d09363e761d27d4c,MHCflurry,2.2.1,presentation,0.285166613417,higher,predicted,250.512284567,0.904,0.285166613417,1.42149456522,0.034590962925,HLA-C*05:01
tesla-b80dff439d03b064,MHCflurry,2.2.1,presentation,0.900342315227,higher,predicted,50.1694013576,0.222625,0.900342315227,0.121195652174,0.474929300137,HLA-A*11:01
tesla-e065917829b11d53,MHCflurry,2.2.1,presentation,0.653550750024,higher,predicted,54.1491330968,0.378875,0.653550750024,0.519483695652,0.0531809716485,HLA-A*02:01
tesla-c8b0427e2ffa9867,MHCflurry,2.2.1,presentation,0.708337141844,higher,predicted,66.604581938,0.451,0.708337141844,0.424565217391,0.181423429167,HLA-A*02:01
tesla-36618512c4bd0114,MHCflurry,2.2.1,presentation,0.636879966916,higher,predicted,81.4421090504,0.526625,0.636879966916,0.547092391304,0.144648005255,HLA-A*02:01
tesla-b7e360cb0fa71994,MHCflurry,2.2.1,presentation,0.843709905175,higher,predicted,264.419295845,0.9085,0.843709905175,0.210244565217,0.785708516836,HLA-A*11:01
tesla-a95e798d80c71465,MHCflurry,2.2.1,presentation,0.723072157049,higher,predicted,43.5963147176,0.171375,0.723072157049,0.400054347826,0.0855451335665,HLA-A*11:01
tesla-8046d855b64052a7,MHCflurry,2.2.1,presentation,0.609808174925,higher,predicted,82.0542661568,0.526625,0.609808174925,0.596195652174,0.114104197128,HLA-A*02:01
tesla-84c7b16cf792391c,MHCflurry,2.2.1,presentation,0.495412875356,higher,predicted,110.071949124,0.524125,0.495412875356,0.831711956522,0.0633664726047,HLA-B*27:05
tesla-2be8de7073fe63f1,MHCflurry,2.2.1,presentation,0.884538598178,higher,predicted,51.7295173608,0.00275,0.884538598178,0.146467391304,0.436728880624,HLA-B*27:05
tesla-db72265eb5b72816,MHCflurry,2.2.1,presentation,0.505711926759,higher,predicted,107.752648262,0.32725,0.505711926759,0.80875,0.0691638425924,HLA-B*44:02
tesla-a7d1007d32877185,MHCflurry,2.2.1,presentation,0.357106791299,higher,predicted,306.205428971,0.981,0.357106791299,1.17633152174,0.183265451225,HLA-A*11:01
tesla-fb30a985337df862,MHCflurry,2.2.1,presentation,0.329592238252,higher,predicted,193.028426633,0.875375,0.329592238252,1.2627173913,0.0220823379932,HLA-A*02:01
tesla-51ccc55c8bbd3602,MHCflurry,2.2.1,presentation,0.589179422421,higher,predicted,61.0934408972,0.420375,0.589179422421,0.636956521739,0.00883445957152,HLA-A*02:01
tesla-b345366e4aa607b0,MHCflurry,2.2.1,presentation,0.486963958923,higher,predicted,107.774202945,0.533625,0.486963958923,0.849211956522,0.0480197895085,HLA-A*11:01
tesla-88fc31a0e1213b19,MHCflurry,2.2.1,presentation,0.402984414723,higher,predicted,142.75634255,0.74775,0.402984414723,1.0495923913,0.028845526278,HLA-A*02:01
tesla-3a214d74eb79bc50,MHCflurry,2.2.1,presentation,0.181125491345,higher,predicted,451.808760701,1.281125,0.181125491345,1.96823369565,0.0298120863154,HLA-A*02:01
tesla-77cb58ab81bb789d,MHCflurry,2.2.1,presentation,0.629312980163,higher,predicted,54.2668617455,0.378875,0.629312980163,0.561902173913,0.0239837236586,HLA-A*02:01
tesla-e6d913e93ea433e3,MHCflurry,2.2.1,presentation,0.815502505956,higher,predicted,52.2268239181,0.239625,0.815502505956,0.254293478261,0.283917158376,HLA-A*11:01
tesla-d3aac9df8960d51d,MHCflurry,2.2.1,presentation,0.48165290512,higher,predicted,95.5981167005,0.419625,0.48165290512,0.860706521739,0.00909632869298,HLA-B*27:05
tesla-6739d2cdf2b72f67,MHCflurry,2.2.1,presentation,0.427543278771,higher,predicted,118.828046078,0.577875,0.427543278771,0.986739130435,0.00707059652632,HLA-B*27:05
tesla-267f84de8eb4961a,MHCflurry,2.2.1,presentation,0.912921092618,higher,predicted,63.3733527534,0.07275,0.912921092618,0.101385869565,0.581128373742,HLA-B*27:05
tesla-db90ce62c76c03c8,MHCflurry,2.2.1,presentation,0.812852123567,higher,predicted,66.1841331173,0.100625,0.812852123567,0.257282608696,0.343988786452,HLA-B*27:05
tesla-1b775d7f748f9ab5,MHCflurry,2.2.1,presentation,0.976715253436,higher,predicted,29.7289237315,0.035875,0.976715253436,0.0120923913044,0.765214987099,HLA-C*05:01
tesla-7ae75dc4d93086dc,MHCflurry,2.2.1,presentation,0.878279667063,higher,predicted,22.2806659444,0.122125,0.878279667063,0.156630434783,0.188555181958,HLA-A*02:01
tesla-57d1ead662a3fe24,MHCflurry,2.2.1,presentation,0.841215612041,higher,predicted,48.4248705628,0.21275,0.841215612041,0.21375,0.314361115918,HLA-A*11:01
tesla-d830cdc4c29bcfc1,MHCflurry,2.2.1,presentation,0.989484216757,higher,predicted,13.3368146089,0.027125,0.989484216757,0.0013858695652,0.773490734398,HLA-A*02:01
tesla-d3d67e792d98f313,MHCflurry,2.2.1,presentation,0.861014307756,higher,predicted,25.1160519176,0.150625,0.861014307756,0.18214673913,0.178340021288,HLA-A*02:01
tesla-ccfe8ac3891db90e,MHCflurry,2.2.1,presentation,0.325695446199,higher,predicted,201.785009853,0.9,0.325695446199,1.27600543478,0.0292627345771,HLA-A*02:01
tesla-829a571f587a3c3f,MHCflurry,2.2.1,presentation,0.323957908704,higher,predicted,183.84319872,0.85675,0.323957908704,1.28277173913,0.00145859652548,HLA-A*02:01
tesla-f83a9d7c438d1027,MHCflurry,2.2.1,presentation,0.486790588774,higher,predicted,117.123067274,0.56425,0.486790588774,0.849211956522,0.0706616744865,HLA-B*27:05
tesla-0bbddcf324b2978c,MHCflurry,2.2.1,presentation,0.294141009432,higher,predicted,296.171667737,1.31125,0.294141009432,1.38801630435,0.0928857725812,HLA-B*27:05
tesla-164364ad91e7a290,MHCflurry,2.2.1,presentation,0.0243181997704,higher,predicted,4301.93409605,4.175375,0.0243181997704,9.84945652174,0.0314607055334,HLA-C*05:01
tesla-fb8280028d8f818e,MHCflurry,2.2.1,presentation,0.888263972178,higher,predicted,41.8187434207,0.155875,0.888263972178,0.140054347826,0.388796407729,HLA-A*11:01
tesla-869d556b03be6cd0,MHCflurry,2.2.1,presentation,0.614199601948,higher,predicted,158.285879069,0.79,0.614199601948,0.588641304348,0.29970912612,HLA-A*02:01
tesla-49cd7b2abb10c0ef,MHCflurry,2.2.1,presentation,0.586828256331,higher,predicted,60.6012124374,0.417,0.586828256331,0.640760869565,0.00387047712866,HLA-A*02:01
tesla-c43a2270ef0c5c8b,MHCflurry,2.2.1,presentation,0.884206103119,higher,predicted,72.0383605338,0.476875,0.884206103119,0.146467391304,0.526728900149,HLA-A*02:01
tesla-abd4aaf37dce636b,MHCflurry,2.2.1,presentation,0.616505676358,higher,predicted,162.702075399,0.803,0.616505676358,0.584972826087,0.310017565265,HLA-A*02:01
tesla-aa03903f30887ce9,MHCflurry,2.2.1,presentation,0.900702929255,higher,predicted,37.5505313779,0.119,0.900702929255,0.121195652174,0.396528335288,HLA-A*11:01
tesla-870ff574debe3307,MHCflurry,2.2.1,presentation,0.536852299167,higher,predicted,84.462890207,0.540375,0.536852299167,0.74375,0.0375874089077,HLA-A*02:01
tesla-680f8ac3a0ef9f47,MHCflurry,2.2.1,presentation,0.911987927869,higher,predicted,34.6239371231,0.23575,0.911987927869,0.1025,0.411868516356,HLA-A*02:01
tesla-82fe38cdb498ef4e,MHCflurry,2.2.1,presentation,0.447159253379,higher,predicted,138.105294199,0.73375,0.447159253379,0.940461956522,0.0708779441193,HLA-A*02:01
tesla-488fbb6c195b50cf,MHCflurry,2.2.1,presentation,0.680166162692,higher,predicted,105.523503378,0.526375,0.680166162692,0.471766304348,0.270225190558,HLA-A*11:01
tesla-39f79a604e86ec51,MHCflurry,2.2.1,presentation,0.893207230544,higher,predicted,72.1589599765,0.17475,0.893207230544,0.131711956522,0.552922077477,HLA-B*27:05
tesla-9ec3c4daae20bf1e,MHCflurry,2.2.1,presentation,0.437060702981,higher,predicted,187.215331331,0.88575,0.437060702981,0.964184782609,0.142832053825,HLA-B*27:05
tesla-2ff8e385f1b61e52,MHCflurry,2.2.1,presentation,0.0252197319252,higher,predicted,5102.03210572,3.55675,0.0252197319252,9.49423913043,0.0888395847287,HLA-A*02:01
tesla-58d6d7843dafc8e7,MHCflurry,2.2.1,presentation,0.789636934223,higher,predicted,24.358503552,0.142125,0.789636934223,0.294239130435,0.028331208101,HLA-A*02:01
tesla-3bae7292109664bf,MHCflurry,2.2.1,presentation,0.904174569898,higher,predicted,26.3823325994,0.16225,0.904174569898,0.114918478261,0.310763828224,HLA-A*02:01
tesla-213e622b14a989c2,MHCflurry,2.2.1,presentation,0.898265629536,higher,predicted,156.800478078,0.45825,0.898265629536,0.124184782609,0.781303234398,HLA-B*44:02
tesla-6e0f0b48718ff145,MHCflurry,2.2.1,presentation,0.551745250126,higher,predicted,88.5052598085,0.449375,0.551745250126,0.712989130435,0.0673936154926,HLA-A*11:01
tesla-4df10d27bdbe5363,MHCflurry,2.2.1,presentation,0.820379624904,higher,predicted,23.611710644,0.134875,0.820379624904,0.246440217391,0.0752308644587,HLA-A*02:01
tesla-bb86bf68c08e0751,MHCflurry,2.2.1,presentation,0.145930860826,higher,predicted,2142.74620068,2.245875,0.145930860826,2.27100543478,0.384195671417,HLA-A*11:01
tesla-65b298954ee124e5,MHCflurry,2.2.1,presentation,0.654618811642,higher,predicted,281.404568364,1.045875,0.654618811642,0.518125,0.506968958303,HLA-A*02:01
tesla-4f244b7fd0bba28a,MHCflurry,2.2.1,presentation,0.941379560323,higher,predicted,21.1105351411,0.110375,0.941379560323,0.0601358695652,0.399859573692,HLA-A*02:01
tesla-af3cf43c46458c15,MHCflurry,2.2.1,presentation,0.558924631182,higher,predicted,80.5511898307,0.275,0.558924631182,0.697255434783,0.0497579353541,HLA-B*27:05
tesla-bc5e38248c727a53,MHCflurry,2.2.1,presentation,0.946793254509,higher,predicted,66.5333724025,0.100625,0.946793254509,0.0523369565218,0.744018696249,HLA-B*27:05
tesla-893607445eff978d,MHCflurry,2.2.1,presentation,0.732582838772,higher,predicted,63.6005756384,0.07275,0.732582838772,0.38660326087,0.202795223711,HLA-B*27:05
tesla-50599d2695c34b24,MHCflurry,2.2.1,presentation,0.376166730366,higher,predicted,150.756903298,0.730875,0.376166730366,1.12252717391,0.0119331803144,HLA-B*27:05
tesla-d05881069f8cb92b,MHCflurry,2.2.1,presentation,0.741329975683,higher,predicted,78.4061175416,0.2455,0.741329975683,0.371739130435,0.273004723073,HLA-B*27:05
tesla-a4a84f223c699d2e,MHCflurry,2.2.1,presentation,0.634239291549,higher,predicted,76.2860159233,0.22225,0.634239291549,0.553369565217,0.123470152728,HLA-B*27:05
tesla-13e8c2c513146a41,MHCflurry,2.2.1,presentation,0.615262180726,higher,predicted,279.189499324,0.934125,0.615262180726,0.586820652174,0.456774565391,HLA-A*11:01
tesla-31bc9124d6ead903,MHCflurry,2.2.1,presentation,0.975281176603,higher,predicted,59.9481511574,0.413125,0.975281176603,0.013097826087,0.940457880497,HLA-A*02:01
tesla-076da5179e881e07,MHCflurry,2.2.1,presentation,0.930494112159,higher,predicted,33.9298685201,0.087125,0.930494112159,0.0761684782609,0.478706669994,HLA-A*11:01
tesla-d0ffa2653b412ba8,MHCflurry,2.2.1,presentation,0.966189879038,higher,predicted,42.5696608991,0.015,0.966189879038,0.0240489130435,0.755305822939,HLA-B*44:02
tesla-4659342a3c392e69,MHCflurry,2.2.1,presentation,0.483901157911,higher,predicted,512.554099931,0.853125,0.483901157911,0.856195652174,0.472660967149,HLA-B*44:02
tesla-a204ab0dd59a3b03,MHCflurry,2.2.1,presentation,0.635951043775,higher,predicted,50.7536507673,0.358625,0.635951043775,0.549130434783,0.0136815948063,HLA-A*02:01
tesla-0e479537c5873995,MHCflurry,2.2.1,presentation,0.919708682061,higher,predicted,18.0552608541,0.077625,0.919708682061,0.091875,0.261446287856,HLA-A*02:01
tesla-6e7520a72ef497a9,MHCflurry,2.2.1,presentation,0.536963705957,higher,predicted,114.257175391,0.656,0.536963705957,0.74375,0.120663033333,HLA-A*02:01
tesla-33b3bd20c15a56a5,MHCflurry,2.2.1,presentation,0.959328349512,higher,predicted,18.7809812241,0.082375,0.959328349512,0.034402173913,0.476414496079,HLA-A*02:01
tesla-63383b682eb2a0c8,MHCflurry,2.2.1,presentation,0.367906123302,higher,predicted,200.745759586,0.895875,0.367906123302,1.1445923913,0.0805591477329,HLA-A*02:01
tesla-12b2081c2b2b347e,MHCflurry,2.2.1,presentation,0.764073318146,higher,predicted,27.6744857267,0.1715,0.764073318146,0.335190217391,0.0216548063036,HLA-A*02:01
tesla-1ca1e23adb877b28,MHCflurry,2.2.1,presentation,0.776770704606,higher,predicted,25.0830128094,0.150625,0.776770704606,0.315244565217,0.0149562264851,HLA-A*02:01
tesla-0f55211d5beb939e,MHCflurry,2.2.1,presentation,0.43240220327,higher,predicted,129.580229325,0.60625,0.43240220327,0.976195652174,0.0364550602389,HLA-A*11:01
tesla-511424736753a653,MHCflurry,2.2.1,presentation,0.0357155925823,higher,predicted,4680.0641801,3.148,0.0357155925823,6.96279891304,0.166545154061,HLA-A*11:01
tesla-acf3c8f0e4b822c1,MHCflurry,2.2.1,presentation,0.0760861814303,higher,predicted,1197.85718146,4.519875,0.0760861814303,3.56269021739,0.0182488279825,HLA-B*27:05
tesla-7ebc2601e9937f74,MHCflurry,2.2.1,presentation,0.57170238764,higher,predicted,166.63062474,0.813875,0.57170238764,0.671467391304,0.264013827778,HLA-A*02:01
tesla-a82f47712095e8a1,MHCflurry,2.2.1,presentation,0.922834432227,higher,predicted,64.9566175109,0.326,0.922834432227,0.087472826087,0.6251151748,HLA-A*11:01
tesla-c6b830eaed639a73,MHCflurry,2.2.1,presentation,0.800967785126,higher,predicted,71.6359851662,0.164875,0.800967785126,0.276032608696,0.34415642079,HLA-B*27:05
tesla-3007b5fb49470cd5,MHCflurry,2.2.1,presentation,0.846423662108,higher,predicted,31.6656875934,0.069375,0.846423662108,0.205380434783,0.208912797738,HLA-A*11:01
tesla-ce70d5c6880688a9,MHCflurry,2.2.1,presentation,0.834668425588,higher,predicted,20.0709904484,0.097,0.834668425588,0.223885869565,0.0589360473678,HLA-A*02:01
tesla-b89f4510aaba90cb,MHCflurry,2.2.1,presentation,0.976090517655,higher,predicted,24.1493332443,0.014125,0.976090517655,0.0120923913044,0.700484309345,HLA-A*11:01
tesla-a9e22f9801f5c782,MHCflurry,2.2.1,presentation,0.900034542023,higher,predicted,99.784835773,0.49975,0.900034542023,0.121195652174,0.662736915052,HLA-A*11:01
tesla-0e7b6b45fd457aa9,MHCflurry,2.2.1,presentation,0.86310515058,higher,predicted,31.3641794138,0.066375,0.86310515058,0.179293478261,0.2443009899,HLA-A*11:01
tesla-398d7e1fa42a0acc,MHCflurry,2.2.1,presentation,0.916634310771,higher,predicted,37.2640927382,0.093,0.916634310771,0.0961956521739,0.448808613233,HLA-C*05:01
tesla-6ae7037c43b6009f,MHCflurry,2.2.1,presentation,0.0400538414726,higher,predicted,3232.18771008,2.668125,0.0400538414726,6.18413043478,0.098598904442,HLA-A*11:01
tesla-7137553b408d0932,MHCflurry,2.2.1,presentation,0.918276235545,higher,predicted,39.6935609492,0.278125,0.918276235545,0.093152173913,0.472276134416,HLA-A*02:01
tesla-efa147c7cc9a823b,MHCflurry,2.2.1,presentation,0.172260343858,higher,predicted,520.213264624,1.355,0.172260343858,2.02769021739,0.0512896087021,HLA-A*02:01
tesla-64ec3ccf9d2b2b30,MHCflurry,2.2.1,presentation,0.0918136946011,higher,predicted,1452.82941295,2.02425,0.0918136946011,3.10654891304,0.129187262384,HLA-A*02:01
tesla-970a7357bf9b09ef,MHCflurry,2.2.1,presentation,0.624745668761,higher,predicted,158.223806191,0.68325,0.624745668761,0.568586956522,0.312246767804,HLA-A*11:01
tesla-49ee2e7e8707c6ff,MHCflurry,2.2.1,presentation,0.355558030973,higher,predicted,253.335126241,0.89175,0.355558030973,1.17918478261,0.12932006811,HLA-A*11:01
tesla-eddf97f50032e38f,MHCflurry,2.2.1,presentation,0.262598963706,higher,predicted,289.371714725,0.95475,0.262598963706,1.51160326087,0.0420935510192,HLA-A*11:01
tesla-fa3efc8901c472a8,MHCflurry,2.2.1,presentation,0.563844096982,higher,predicted,71.0199013211,0.4725,0.563844096982,0.6875,0.0208313468611,HLA-A*02:01
tesla-938bc208ad1598d9,MHCflurry,2.2.1,presentation,0.112857355128,higher,predicted,725.323630461,1.54725,0.112857355128,2.69225543478,0.00343045424961,HLA-A*02:01
tesla-3670ee78d7b8417b,MHCflurry,2.2.1,presentation,0.907538542595,higher,predicted,29.8250676595,0.035875,0.907538542595,0.109809782609,0.355587178841,HLA-C*05:01
tesla-172f1a0dfb599fb4,MHCflurry,2.2.1,presentation,0.967261035302,higher,predicted,84.550759284,0.380125,0.967261035302,0.0225815217392,0.953109443188,HLA-C*05:01
tesla-fa15fe24fa5cb3a5,MHCflurry,2.2.1,presentation,0.0168309578942,higher,predicted,5742.82536609,3.798625,0.0168309578942,14.2770380435,0.00459941153531,HLA-A*02:01
tesla-bd131cb9f753fddd,MHCflurry,2.2.1,presentation,0.989607261751,higher,predicted,22.2877668,0.006,0.989607261751,0.0013858695652,0.917830750346,HLA-A*11:01
tesla-8c7cd7a32a5fdf1f,MHCflurry,2.2.1,presentation,0.765635805348,higher,predicted,48.5243108753,0.21275,0.765635805348,0.333152173913,0.178278521635,HLA-A*11:01
tesla-51fbc88348f9cb0f,MHCflurry,2.2.1,presentation,0.86512955184,higher,predicted,37.4653684417,0.119,0.86512955184,0.176141304348,0.297973344103,HLA-A*11:01
tesla-2e51b31d99d00310,MHCflurry,2.2.1,presentation,0.0362170211449,higher,predicted,2522.67407548,2.533125,0.0362170211449,6.79260869565,0.000969842527411,HLA-A*02:01
tesla-26e79b660ed988e2,MHCflurry,2.2.1,presentation,0.285304423308,higher,predicted,588.13791109,1.418375,0.285304423308,1.41804347826,0.269087973051,HLA-A*02:01
tesla-914001b771974f7c,MHCflurry,2.2.1,presentation,0.577722145973,higher,predicted,77.6624653158,0.504375,0.577722145973,0.659429347826,0.0613900811877,HLA-A*02:01
tesla-0999479f810e534c,MHCflurry,2.2.1,presentation,0.623616250065,higher,predicted,69.221251189,0.4645,0.623616250065,0.572255434783,0.0839241645299,HLA-A*02:01
tesla-f7e9d8e0a691fdaa,MHCflurry,2.2.1,presentation,0.929596327016,higher,predicted,60.0416834015,0.417,0.929596327016,0.0778260869565,0.631497606635,HLA-A*02:01
tesla-f353d7b1f328c9db,MHCflurry,2.2.1,presentation,0.955747451142,higher,predicted,22.0804950245,0.1195,0.955747451142,0.0396467391304,0.495942350477,HLA-A*02:01
tesla-91077326e26e8cc7,MHCflurry,2.2.1,presentation,0.0325506670726,higher,predicted,18262.9959154,10.374125,0.0325506670726,7.55826086957,0.513195673004,HLA-A*02:01
tesla-ca5ebbe868a48bb0,MHCflurry,2.2.1,presentation,0.87018765813,higher,predicted,57.873860019,0.024,0.87018765813,0.16875,0.429807474837,HLA-B*27:05
tesla-7962fc391826ef19,MHCflurry,2.2.1,presentation,0.666492819769,higher,predicted,58.2318938573,0.28375,0.666492819769,0.496684782609,0.0894402449485,HLA-A*11:01
tesla-8b03fc0bfa560b08,MHCflurry,2.2.1,presentation,0.952790657645,higher,predicted,17.4976829384,0.07125,0.952790657645,0.0440760869565,0.412921218202,HLA-A*02:01
tesla-23a7245cfc7c630d,MHCflurry,2.2.1,presentation,0.980591493541,higher,predicted,24.5431620096,0.1445,0.980591493541,0.00725543478262,0.765173129737,HLA-A*02:01
tesla-c6e12a1f50fc3c5b,MHCflurry,2.2.1,presentation,0.982192074178,higher,predicted,13.2102220177,0.02475,0.982192074178,0.0052445652174,0.619899023324,HLA-A*02:01
tesla-3d1030c872228db9,MHCflurry,2.2.1,presentation,0.961957318211,higher,predicted,15.9580179952,0.053125,0.961957318211,0.0315489130435,0.451356623322,HLA-A*02:01
tesla-f2567604d699585b,MHCflurry,2.2.1,presentation,0.754697371625,higher,predicted,60.9026704634,0.063875,0.754697371625,0.351358695652,0.223697171547,HLA-A*01:01
tesla-52ad29d394722cf5,MHCflurry,2.2.1,presentation,0.0503980496381,higher,predicted,2053.40899894,1.26875,0.0503980496381,5.05404891304,0.0420436363784,HLA-A*01:01
tesla-a0f441a41c35139b,MHCflurry,2.2.1,presentation,0.0106640272038,higher,predicted,13674.2280283,7.2115,0.0106640272038,22.1923097826,0.112032465753,HLA-A*02:01
tesla-7622a4d4d16abcfb,MHCflurry,2.2.1,presentation,0.729159662588,higher,predicted,45.1171876167,0.319875,0.729159662588,0.391440217391,0.103611044586,HLA-A*02:01
tesla-8f4aff001134adba,MHCflurry,2.2.1,presentation,0.690107770483,higher,predicted,58.7325139429,0.40875,0.690107770483,0.454836956522,0.122387952404,HLA-A*02:01
tesla-b1eb61a63109d519,MHCflurry,2.2.1,presentation,0.986992272501,higher,predicted,17.6412342113,0.073625,0.986992272501,0.0020652173913,0.789462469518,HLA-A*02:01
tesla-c47746dd40e549e8,MHCflurry,2.2.1,presentation,0.76998072015,higher,predicted,34.4255558838,0.231875,0.76998072015,0.32535326087,0.0909272083081,HLA-A*02:01
tesla-3e22854f0db9b1d3,MHCflurry,2.2.1,presentation,0.972648904778,higher,predicted,13.8316618287,0.03125,0.972648904778,0.0165760869566,0.508477393538,HLA-A*02:01
tesla-9005293d83ee600f,MHCflurry,2.2.1,presentation,0.943289105549,higher,predicted,20.1148562179,0.0995,0.943289105549,0.0570108695652,0.396528427489,HLA-A*02:01
tesla-e515f3967f0e7152,MHCflurry,2.2.1,presentation,0.954217645019,higher,predicted,18.648761609,0.082375,0.954217645019,0.0411684782609,0.439510345459,HLA-A*02:01
tesla-30197803d25aedf2,MHCflurry,2.2.1,presentation,0.944704419995,higher,predicted,12.235173185,0.015875,0.944704419995,0.0557608695652,0.267610133626,HLA-A*02:01
tesla-84d82b10b844cd28,MHCflurry,2.2.1,presentation,0.872053395116,higher,predicted,15.5684096819,0.049,0.872053395116,0.165597826087,0.0740292176488,HLA-A*02:01
tesla-518a79d42a5c8012,MHCflurry,2.2.1,presentation,0.911372604124,higher,predicted,34.4693247885,0.231875,0.911372604124,0.103940217391,0.408479937352,HLA-A*02:01
tesla-302f50bd0860b998,MHCflurry,2.2.1,presentation,0.946592761739,higher,predicted,11.7643064812,0.013,0.946592761739,0.0523369565218,0.267220952082,HLA-A*02:01
tesla-f20d0cf73bb54eaf,MHCflurry,2.2.1,presentation,0.915874379184,higher,predicted,21.4019769871,0.11325,0.915874379184,0.0978804347826,0.293764918111,HLA-A*02:01
tesla-002df903f1597c6a,MHCflurry,2.2.1,presentation,0.814842331594,higher,predicted,29.0036937266,0.1835,0.814842331594,0.254293478261,0.121202509617,HLA-A*02:01
tesla-02f5c575c30d3f3f,MHCflurry,2.2.1,presentation,0.981739619789,higher,predicted,33.1958126379,0.006625,0.981739619789,0.00616847826088,0.865646369755,HLA-A*01:01
tesla-d2c97ff362558ec4,MHCflurry,2.2.1,presentation,0.0383370520179,higher,predicted,4737.61532899,2.00825,0.0383370520179,6.4791576087,0.190688902512,HLA-A*01:01
tesla-2aa49e53e54a9257,MHCflurry,2.2.1,presentation,0.960332188975,higher,predicted,25.7927174132,0.15725,0.960332188975,0.0330434782609,0.570870183408,HLA-A*02:01
tesla-3e9e8acace5e0ed1,MHCflurry,2.2.1,presentation,0.976107503569,higher,predicted,51.2313886229,0.362,0.976107503569,0.0120923913044,0.907169401646,HLA-A*02:01
tesla-c010afedceec59f7,MHCflurry,2.2.1,presentation,0.890703407578,higher,predicted,32.0110302429,0.01125,0.890703407578,0.136929347826,0.322436102666,HLA-B*57:01
tesla-1399aa93f8c4b4d4,MHCflurry,2.2.1,presentation,0.348465645039,higher,predicted,408.543211519,0.487125,0.348465645039,1.20198369565,0.251729509793,HLA-A*01:01
tesla-3570b3e86f24b307,MHCflurry,2.2.1,presentation,0.913238103958,higher,predicted,46.1616583715,0.32675,0.913238103958,0.101385869565,0.495257688686,HLA-A*02:01
tesla-abdc8e22eb8a6090,MHCflurry,2.2.1,presentation,0.776329724714,higher,predicted,60.214610141,0.06275,0.776329724714,0.315244565217,0.254658067599,HLA-A*01:01
tesla-c2f49b98b2d4e291,MHCflurry,2.2.1,presentation,0.00901871001421,higher,predicted,12680.8744612,6.681375,0.00901871001421,24.5792391304,0.0434951204807,HLA-A*02:01
tesla-899bc1097631e3d3,MHCflurry,2.2.1,presentation,0.521187560633,higher,predicted,670.244783102,0.66675,0.521187560633,0.776711956522,0.588476762176,HLA-A*01:01
tesla-79df8a2357f51008,MHCflurry,2.2.1,presentation,0.71692741132,higher,predicted,58.2194985106,0.198625,0.71692741132,0.409565217391,0.156339854235,HLA-B*57:01
tesla-8c58e2dc1c37abab,MHCflurry,2.2.1,presentation,0.982146983853,higher,predicted,36.3696466494,0.011375,0.982146983853,0.0052445652174,0.897208563983,HLA-A*01:01
tesla-cebbbcaf86a17c99,MHCflurry,2.2.1,presentation,0.973276828261,higher,predicted,27.9409316069,0.174375,0.973276828261,0.0153804347826,0.708261162043,HLA-A*02:01
tesla-413c3a68c932c424,MHCflurry,2.2.1,presentation,0.96204328347,higher,predicted,18.5816219289,0.081,0.96204328347,0.0298641304348,0.493809247389,HLA-A*02:01
tesla-44f8a2f62f3dcedb,MHCflurry,2.2.1,presentation,0.304267138637,higher,predicted,220.440919371,0.302125,0.304267138637,1.35263586957,0.0254621910863,HLA-A*01:01
tesla-e7351108a11cd491,MHCflurry,2.2.1,presentation,0.941386181985,higher,predicted,36.3950222034,0.029125,0.941386181985,0.0601358695652,0.549423649907,HLA-B*57:01
tesla-a96e43e004e9fb45,MHCflurry,2.2.1,presentation,0.710674376965,higher,predicted,55.1032916748,0.386625,0.710674376965,0.42125,0.132585875224,HLA-A*02:01
tesla-f596903dcbce8d17,MHCflurry,2.2.1,presentation,0.425496188189,higher,predicted,135.085753023,0.720125,0.425496188189,0.991331521739,0.0399099151837,HLA-A*02:01
tesla-6ec43521112e60dd,MHCflurry,2.2.1,presentation,0.955420466255,higher,predicted,46.2066718122,0.32675,0.955420466255,0.0396467391304,0.696492351592,HLA-A*02:01
tesla-abfc583e4340d0d3,MHCflurry,2.2.1,presentation,0.528836646569,higher,predicted,120.378638479,0.6785,0.528836646569,0.759429347826,0.125763142714,HLA-A*02:01
tesla-701547bae65e35fc,MHCflurry,2.2.1,presentation,0.971274364745,higher,predicted,32.4353477233,0.217625,0.971274364745,0.0176630434783,0.728205263615,HLA-A*02:01
tesla-d30ba1fe7fcf7d87,MHCflurry,2.2.1,presentation,0.708277782687,higher,predicted,35.2402404511,0.24,0.708277782687,0.424565217391,0.00657511671307,HLA-A*02:01
tesla-2e1f1adaa2c3742d,MHCflurry,2.2.1,presentation,0.759730072587,higher,predicted,37.3788100365,0.26025,0.759730072587,0.342690217391,0.0974122391781,HLA-A*02:01
tesla-a5d9aa9ff16f4ca2,MHCflurry,2.2.1,presentation,0.966229833828,higher,predicted,13.0277839022,0.023125,0.966229833828,0.0240489130435,0.430582171306,HLA-A*02:01
tesla-ac874e5ad5d599f7,MHCflurry,2.2.1,presentation,0.980001026659,higher,predicted,27.1786334266,0.000625,0.980001026659,0.00725543478262,0.784534804523,HLA-B*57:01
tesla-ca9517ed687aa79b,MHCflurry,2.2.1,presentation,0.950078918367,higher,predicted,57.6641699293,0.401625,0.950078918367,0.0465217391304,0.723735906184,HLA-A*02:01
tesla-fe23039966c3825a,MHCflurry,2.2.1,presentation,0.970757714448,higher,predicted,29.7166233146,0.0045,0.970757714448,0.018722826087,0.698982946575,HLA-B*57:01
tesla-d3c1f6692f9408bd,MHCflurry,2.2.1,presentation,0.546464179177,higher,predicted,400.721085643,1.22125,0.546464179177,0.724728260869,0.475974199362,HLA-A*02:01
tesla-e92b04b2f83ad99d,MHCflurry,2.2.1,presentation,0.0483322701486,higher,predicted,2450.20356007,2.498,0.0483322701486,5.24777173913,0.0781029950595,HLA-A*02:01
tesla-bb0ddaaa753d2683,MHCflurry,2.2.1,presentation,0.978747481282,higher,predicted,17.7135462691,0.073625,0.978747481282,0.00964673913045,0.649459995329,HLA-A*02:01
tesla-0bffdd09664c54fe,MHCflurry,2.2.1,presentation,0.277827931711,higher,predicted,557.066395541,1.38875,0.277827931711,1.44845108696,0.243740199134,HLA-A*02:01
tesla-d9fa058b1d782127,MHCflurry,2.2.1,presentation,0.987014918051,higher,predicted,31.744962813,0.0045,0.987014918051,0.0020652173913,0.951251521707,HLA-A*01:01
tesla-0aafacd1338dac1f,MHCflurry,2.2.1,presentation,0.903229257476,higher,predicted,38.1590438545,0.2675,0.903229257476,0.116820652174,0.409017149359,HLA-A*02:01
tesla-cd491fe33e49da3f,MHCflurry,2.2.1,presentation,0.964715660826,higher,predicted,17.6358446162,0.07125,0.964715660826,0.0267391304348,0.500885909423,HLA-A*02:01
tesla-48a3cd1dc67a809d,MHCflurry,2.2.1,presentation,0.738843861006,higher,predicted,49.5184654843,0.35225,0.738843861006,0.375298913043,0.143185846799,HLA-A*02:01
tesla-5c160c0ded770b0a,MHCflurry,2.2.1,presentation,0.906134458159,higher,predicted,27.4329445568,0.168875,0.906134458159,0.111222826087,0.327937146649,HLA-A*02:01
tesla-6d5eb855b68e8e1c,MHCflurry,2.2.1,presentation,0.917278863322,higher,predicted,36.7667217214,0.254125,0.917278863322,0.0947826086956,0.447512012906,HLA-A*02:01
tesla-542ef15283a25dc9,MHCflurry,2.2.1,presentation,0.735910957662,higher,predicted,43.177665701,0.306375,0.735910957662,0.380625,0.101287328172,HLA-A*02:01
tesla-8e18ef2819cc189f,MHCflurry,2.2.1,presentation,0.839810440042,higher,predicted,23.5594715149,0.134875,0.839810440042,0.216548913043,0.113597271964,HLA-A*02:01
tesla-812126bd809d38d8,MHCflurry,2.2.1,presentation,0.809006473935,higher,predicted,20.5758180395,0.1055,0.809006473935,0.263641304348,0.0161493748892,HLA-A*02:01
tesla-758f9d67824b13e6,MHCflurry,2.2.1,presentation,0.944524096725,higher,predicted,29.8511821656,0.192375,0.944524096725,0.0557608695652,0.511499628425,HLA-A*02:01
tesla-5e1d378a305e2caa,MHCflurry,2.2.1,presentation,0.871436802607,higher,predicted,19.5018979998,0.091875,0.871436802607,0.167038043478,0.134315277683,HLA-A*02:01
tesla-13218e5b4464c5ef,MHCflurry,2.2.1,presentation,0.959625222469,higher,predicted,12.407173467,0.016875,0.959625222469,0.034402173913,0.364757081959,HLA-A*02:01
tesla-72fcb7e9d88bcc9e,MHCflurry,2.2.1,presentation,0.592426838231,higher,predicted,61.684555438,0.065375,0.592426838231,0.631358695652,0.0152745774249,HLA-A*01:01
tesla-482854d049a49b82,MHCflurry,2.2.1,presentation,0.737254004302,higher,predicted,34.9780269064,0.024125,0.737254004302,0.37875,0.0454249590548,HLA-B*57:01
tesla-e693c49865f8f7db,MHCflurry,2.2.1,presentation,0.956898364567,higher,predicted,31.3462067695,0.00425,0.956898364567,0.0383152173913,0.599928468466,HLA-A*01:01
tesla-9dcd2367716328b5,MHCflurry,2.2.1,presentation,0.829642747018,higher,predicted,58.5261288891,0.059125,0.829642747018,0.231875,0.342576321214,HLA-A*01:01
tesla-97d8322c57784c06,MHCflurry,2.2.1,presentation,0.409954814818,higher,predicted,128.463796003,0.702875,0.409954814818,1.03135869565,0.0080500771146,HLA-A*02:01
tesla-58bffe7f350a1f34,MHCflurry,2.2.1,presentation,0.952516127585,higher,predicted,33.9582894004,0.00775,0.952516127585,0.0440760869565,0.59323779121,HLA-A*01:01
tesla-0ffcf1359cafb080,MHCflurry,2.2.1,presentation,0.918077243435,higher,predicted,13.4893822331,0.02825,0.918077243435,0.093152173913,0.175221779384,HLA-A*02:01
tesla-b2d20c6a720d4df9,MHCflurry,2.2.1,presentation,0.94387975147,higher,predicted,45.9240163433,0.032,0.94387975147,0.0570108695652,0.626304198056,HLA-A*01:01
tesla-730d6b5b4fa4e8b9,MHCflurry,2.2.1,presentation,0.967969744251,higher,predicted,16.0493589513,0.054,0.967969744251,0.0214130434783,0.503305695951,HLA-A*02:01
tesla-c403cd5f62d7cd8a,MHCflurry,2.2.1,presentation,0.0416162298045,higher,predicted,2173.30975439,2.37675,0.0416162298045,6.0479076087,0.000907932993869,HLA-A*02:01
tesla-60a0f2c4fc133585,MHCflurry,2.2.1,presentation,0.045240341228,higher,predicted,2812.80309491,1.50425,0.045240341228,5.55494565217,0.0963903180091,HLA-A*01:01
tesla-5203cefdbf15c1f3,MHCflurry,2.2.1,presentation,0.761909566806,higher,predicted,112.570509696,0.6525,0.761909566806,0.338559782609,0.403469593264,HLA-A*02:01
tesla-8053cd87ef16777c,MHCflurry,2.2.1,presentation,0.821609018507,higher,predicted,47.1961519732,0.334125,0.821609018507,0.244565217391,0.267732318491,HLA-A*02:01
tesla-a8b5e9f61ba48d60,MHCflurry,2.2.1,presentation,0.955722855087,higher,predicted,30.1961139575,0.196,0.955722855087,0.0396467391304,0.581713728607,HLA-A*02:01
tesla-7ac2020f9181a898,MHCflurry,2.2.1,presentation,0.987661821217,higher,predicted,28.3876329085,0.0015,0.987661821217,0.0020652173913,0.935192078352,HLA-B*57:01
tesla-0fca81ace0ceac20,MHCflurry,2.2.1,presentation,0.863490557306,higher,predicted,22.8741062407,0.128,0.863490557306,0.179293478261,0.158562887926,HLA-A*02:01
tesla-0351df9d0257e2d0,MHCflurry,2.2.1,presentation,0.582135289495,higher,predicted,76.5201513688,0.50075,0.582135289495,0.651005434783,0.0624420999084,HLA-A*02:01
tesla-7e9e2704939136b5,MHCflurry,2.2.1,presentation,0.765665995513,higher,predicted,69.0886460588,0.4645,0.765665995513,0.333152173913,0.275327572599,HLA-A*02:01
tesla-d16f90f15d17f677,MHCflurry,2.2.1,presentation,0.622674205272,higher,predicted,136.872451828,0.193875,0.622674205272,0.572255434783,0.269954771735,HLA-A*01:01
tesla-e77fdf5d5f36a7a0,MHCflurry,2.2.1,presentation,0.925471860407,higher,predicted,12.4218176431,0.016875,0.925471860407,0.0834782608696,0.181591150817,HLA-A*02:01
tesla-960de04fb7813ba5,MHCflurry,2.2.1,presentation,0.22577812424,higher,predicted,307.543817132,1.087,0.22577812424,1.68752717391,0.0023434231116,HLA-A*02:01
tesla-b0ecd6bb66b3830f,MHCflurry,2.2.1,presentation,0.988898007825,higher,predicted,14.2843860645,0.03675,0.988898007825,0.00168478260868,0.77683506161,HLA-A*02:01
tesla-43ca8ac4eb634d30,MHCflurry,2.2.1,presentation,0.711396961392,higher,predicted,64.1190228141,0.4405,0.711396961392,0.419565217391,0.175181147642,HLA-A*02:01
tesla-367560a2be7ddd62,MHCflurry,2.2.1,presentation,0.899579572363,higher,predicted,11.4211917316,0.009125,0.899579572363,0.122663043478,0.0662355372915,HLA-A*02:01
tesla-691bf8ab05da8630,MHCflurry,2.2.1,presentation,0.849654543783,higher,predicted,21.6472757903,0.115,0.849654543783,0.200869565217,0.111577112402,HLA-A*02:01
tesla-107b9f6d81604fbc,MHCflurry,2.2.1,presentation,0.909677821955,higher,predicted,45.0660155787,0.029,0.909677821955,0.107173913043,0.476192633621,HLA-A*01:01
tesla-943080cfe0f42167,MHCflurry,2.2.1,presentation,0.917381490956,higher,predicted,28.4246911987,0.181125,0.917381490956,0.0947826086956,0.377246111631,HLA-A*02:01
tesla-88826e30ecbfb925,MHCflurry,2.2.1,presentation,0.968765988175,higher,predicted,26.302093375,0.15975,0.968765988175,0.0214130434783,0.646269455552,HLA-A*02:01
tesla-0f6b8bf837930ba5,MHCflurry,2.2.1,presentation,0.904861329167,higher,predicted,21.8675425824,0.116875,0.904861329167,0.114918478261,0.261482836679,HLA-A*02:01
tesla-5d89e995634832c4,MHCflurry,2.2.1,presentation,0.924524347318,higher,predicted,14.7053101839,0.041125,0.924524347318,0.0847826086956,0.224060567096,HLA-A*02:01
tesla-f0566689b5917202,MHCflurry,2.2.1,presentation,0.826411516061,higher,predicted,17.7550648984,0.073625,0.826411516061,0.236684782609,0.00869237267761,HLA-A*02:01
tesla-8cf0202e666a5899,MHCflurry,2.2.1,presentation,0.913224038119,higher,predicted,19.6392658066,0.091875,0.913224038119,0.101385869565,0.260581683367,HLA-A*02:01
tesla-16d9b2aa10f5924b,MHCflurry,2.2.1,presentation,0.751392570669,higher,predicted,31.3787968575,0.20825,0.751392570669,0.35597826087,0.036615643563,HLA-A*02:01
tesla-b3227ba01ef20171,MHCflurry,2.2.1,presentation,0.831929004193,higher,predicted,26.0563296657,0.15975,0.831929004193,0.226847826087,0.12501274189,HLA-A*02:01
tesla-00bc6f2cac299c83,MHCflurry,2.2.1,presentation,0.00429712635001,higher,predicted,23920.4645899,10.386625,0.00429712635001,62.744673913,0.00685175665421,HLA-A*01:01
tesla-09c75dda68cce6a4,MHCflurry,2.2.1,presentation,0.980406371863,higher,predicted,30.8222219481,0.0335,0.980406371863,0.00725543478262,0.824977345765,HLA-A*03:01
tesla-390e545bf66addec,MHCflurry,2.2.1,presentation,0.148583197051,higher,predicted,550.590797649,0.881875,0.148583197051,2.24152173913,0.0171083321911,HLA-B*08:01
tesla-6c12208bc4d61b26,MHCflurry,2.2.1,presentation,0.976326571182,higher,predicted,26.7100474128,0.01425,0.976326571182,0.0120923913044,0.731025755405,HLA-A*03:01
tesla-0415b3021b9b7288,MHCflurry,2.2.1,presentation,0.976147352747,higher,predicted,31.9901183058,0.038125,0.976147352747,0.0120923913044,0.778365522623,HLA-A*03:01
tesla-b9c11fd22640f12f,MHCflurry,2.2.1,presentation,0.98574970743,higher,predicted,29.5089135691,0.026875,0.98574970743,0.003125,0.904557853937,HLA-A*03:01
tesla-550c640a5a7f92dc,MHCflurry,2.2.1,presentation,0.924124360597,higher,predicted,98.5866242761,0.1345,0.924124360597,0.0847826086956,0.744816439226,HLA-A*01:01
tesla-e92b6a3eb739c310,MHCflurry,2.2.1,presentation,0.579426686687,higher,predicted,129.886338591,0.18425,0.579426686687,0.657201086956,0.204557771212,HLA-A*01:01
tesla-84e77c8fbfb0b078,MHCflurry,2.2.1,presentation,0.907940868909,higher,predicted,39.6547108526,0.088625,0.907940868909,0.108641304348,0.435150176287,HLA-A*03:01
tesla-c0b217f6478ca11f,MHCflurry,2.2.1,presentation,0.651682545679,higher,predicted,63.1993630181,0.2395,0.651682545679,0.521331521739,0.0932824588381,HLA-A*03:01
tesla-bacd3de6f5da5444,MHCflurry,2.2.1,presentation,0.336473820072,higher,predicted,202.25655024,0.6535,0.336473820072,1.23980978261,0.0436597284861,HLA-A*03:01
tesla-18b5e2d9169bd816,MHCflurry,2.2.1,presentation,0.0315925485933,higher,predicted,3561.33513392,2.25825,0.0315925485933,7.77809782609,0.0556720461464,HLA-A*03:01
tesla-b0c6d603ac92feac,MHCflurry,2.2.1,presentation,0.971475563481,higher,predicted,37.9596128616,0.004625,0.971475563481,0.0176630434783,0.773428171873,HLA-B*08:01
tesla-cf7df873a0a40972,MHCflurry,2.2.1,presentation,0.978392022562,higher,predicted,36.9057346388,0.01375,0.978392022562,0.00964673913045,0.846190810204,HLA-A*01:01
tesla-b088aab9567f48df,MHCflurry,2.2.1,presentation,0.846956019879,higher,predicted,48.8006803567,0.027,0.846956019879,0.203858695652,0.328812798485,HLA-B*08:01
tesla-db7f5803dda8e56f,MHCflurry,2.2.1,presentation,0.93309505504,higher,predicted,34.3453183835,0.000375,0.93309505504,0.0717391304348,0.493616044521,HLA-B*08:01
tesla-c25f4d4c3360ae73,MHCflurry,2.2.1,presentation,0.727861572684,higher,predicted,107.10980444,0.199125,0.727861572684,0.392527173913,0.339119751938,HLA-B*08:01
tesla-0d75c0484ddeea63,MHCflurry,2.2.1,presentation,0.891857810941,higher,predicted,38.9960654341,0.01775,0.891857810941,0.13535326087,0.37999177631,HLA-A*01:01
tesla-fa5a4a5cd6442e3c,MHCflurry,2.2.1,presentation,0.770705382583,higher,predicted,93.9073036607,0.128375,0.770705382583,0.32535326087,0.367586902343,HLA-A*01:01
tesla-ea6eeeb4b8acfcc0,MHCflurry,2.2.1,presentation,0.642967056547,higher,predicted,77.5491751096,0.117875,0.642967056547,0.536467391304,0.138667615363,HLA-B*08:01
tesla-d7de1007771a3ab0,MHCflurry,2.2.1,presentation,0.476395585487,higher,predicted,131.156081183,0.265875,0.476395585487,0.874891304348,0.0899608933832,HLA-B*08:01
tesla-ebefda3a7389c450,MHCflurry,2.2.1,presentation,0.945528268849,higher,predicted,34.1258422652,0.00775,0.945528268849,0.0538586956522,0.553704457358,HLA-A*01:01
tesla-88d5e7ee0509713d,MHCflurry,2.2.1,presentation,0.920753889651,higher,predicted,46.5399011402,0.033125,0.920753889651,0.0904347826087,0.525423929095,HLA-A*01:01
tesla-8ada7f3373db5143,MHCflurry,2.2.1,presentation,0.746306665112,higher,predicted,94.5660739096,0.1305,0.746306665112,0.363913043478,0.331834197044,HLA-A*01:01
tesla-f6b819e353c537a1,MHCflurry,2.2.1,presentation,0.92965212516,higher,predicted,37.6417572595,0.014375,0.92965212516,0.0778260869565,0.503549695015,HLA-A*01:01
tesla-b11672d0e5180e77,MHCflurry,2.2.1,presentation,0.917572187757,higher,predicted,32.0388851914,0.005,0.917572187757,0.0947826086956,0.410818099044,HLA-A*01:01
tesla-9947ed60df2d48ec,MHCflurry,2.2.1,presentation,0.293662065712,higher,predicted,571.755552903,0.607375,0.293662065712,1.38801630435,0.27281739004,HLA-A*01:01
tesla-198cba0deae93143,MHCflurry,2.2.1,presentation,0.876646977883,higher,predicted,38.3255792326,0.081125,0.876646977883,0.159619565217,0.333172645885,HLA-A*03:01
tesla-d809c92e22a12a35,MHCflurry,2.2.1,presentation,0.656898207203,higher,predicted,45.7513233955,0.133875,0.656898207203,0.512826086956,0.0111034809815,HLA-A*03:01
tesla-56fd1cee9e887221,MHCflurry,2.2.1,presentation,0.937703595404,higher,predicted,88.3343627228,0.356625,0.937703595404,0.0657880434783,0.77452660352,HLA-A*03:01
tesla-3b6fda9fd92a20a6,MHCflurry,2.2.1,presentation,0.698645244785,higher,predicted,39.3553455834,0.007625,0.698645244785,0.440923913043,0.0238441170077,HLA-B*08:01
tesla-7db8d48d3803c539,MHCflurry,2.2.1,presentation,0.955118740869,higher,predicted,44.4675275682,0.123875,0.955118740869,0.0396467391304,0.68396390602,HLA-A*03:01
tesla-aa9f1ed82c7fb51d,MHCflurry,2.2.1,presentation,0.943034581854,higher,predicted,39.4856771924,0.088625,0.943034581854,0.0570108695652,0.580357141793,HLA-A*03:01
tesla-f08ce9be7f64f683,MHCflurry,2.2.1,presentation,0.632067162072,higher,predicted,70.1836300525,0.27675,0.632067162072,0.557010869565,0.0979374817107,HLA-A*03:01
tesla-2f6e852426eb8236,MHCflurry,2.2.1,presentation,0.752389715155,higher,predicted,64.7979270676,0.072625,0.752389715155,0.354239130435,0.237205656245,HLA-A*01:01
tesla-a9e85c51d7cb5e1d,MHCflurry,2.2.1,presentation,0.544838722283,higher,predicted,86.8958316998,0.35325,0.544838722283,0.726657608696,0.0544735377771,HLA-A*03:01
tesla-1c69da6d92bd81b0,MHCflurry,2.2.1,presentation,0.543401953697,higher,predicted,603.824399032,1.09225,0.543401953697,0.730353260869,0.585049755871,HLA-A*03:01
tesla-804d1b5488a55314,MHCflurry,2.2.1,presentation,0.713693580757,higher,predicted,34.4587429105,0.054125,0.713693580757,0.416739130435,0.00786769442493,HLA-A*03:01
tesla-c25c16aa479c60a2,MHCflurry,2.2.1,presentation,0.776905499233,higher,predicted,27.4117986806,0.016625,0.776905499233,0.313695652174,0.0395502659958,HLA-A*03:01
tesla-4a41be41cf77f4c1,MHCflurry,2.2.1,presentation,0.983668303741,higher,predicted,28.7218800785,0.023125,0.983668303741,0.00451086956522,0.85800703615,HLA-A*03:01
tesla-60a0cfb066a9c260,MHCflurry,2.2.1,presentation,0.56660715947,higher,predicted,93.4544891924,0.375625,0.56660715947,0.681820652174,0.0993740084814,HLA-A*03:01
tesla-dc307fa306395f7e,MHCflurry,2.2.1,presentation,0.82000875097,higher,predicted,34.7014662383,0.056125,0.82000875097,0.246440217391,0.180228210054,HLA-A*03:01
tesla-bf47b0d472ab8c4a,MHCflurry,2.2.1,presentation,0.639520531701,higher,predicted,50.3094139711,0.16175,0.639520531701,0.543505434783,0.0156348870951,HLA-A*03:01
tesla-1a4235496b8dee6b,MHCflurry,2.2.1,presentation,0.898791323894,higher,predicted,25.2991607268,0.008125,0.898791323894,0.124184782609,0.282118656673,HLA-A*03:01
tesla-9ce1f67d6f5ad9b2,MHCflurry,2.2.1,presentation,0.743673895255,higher,predicted,29.1241360601,0.02425,0.743673895255,0.368532608696,0.00458455308399,HLA-A*03:01
tesla-df51da780ddc3949,MHCflurry,2.2.1,presentation,0.981642764002,higher,predicted,33.8262117429,0.051625,0.981642764002,0.00616847826088,0.869287997484,HLA-A*03:01
tesla-d83a5bb5077834c5,MHCflurry,2.2.1,presentation,0.743757397468,higher,predicted,36.5433229396,0.06925,0.743757397468,0.366983695652,0.0670097676339,HLA-A*03:01
tesla-5289a043c21801c3,MHCflurry,2.2.1,presentation,0.597770572242,higher,predicted,71.1985173373,0.279875,0.597770572242,0.619076086956,0.0609220920596,HLA-A*03:01
tesla-2a7e2c5d6cd56daa,MHCflurry,2.2.1,presentation,0.934386308403,higher,predicted,37.1954702833,0.07225,0.934386308403,0.0697282608696,0.52140159905,HLA-A*03:01
tesla-99df28dcdc7c6017,MHCflurry,2.2.1,presentation,0.957125421745,higher,predicted,33.5917009531,0.007125,0.957125421745,0.0369565217391,0.620482537895,HLA-A*01:01
tesla-3c24dab72dee4d87,MHCflurry,2.2.1,presentation,0.859921880805,higher,predicted,63.866548562,0.069375,0.859921880805,0.18402173913,0.43199214153,HLA-A*01:01
tesla-9b826e9d1c6f1b94,MHCflurry,2.2.1,presentation,0.839236640885,higher,predicted,38.9795611797,0.08475,0.839236640885,0.216548913043,0.250626320485,HLA-A*03:01
tesla-a2a3770950156380,MHCflurry,2.2.1,presentation,0.683920644523,higher,predicted,41.0610212004,0.010875,0.683920644523,0.464619565217,0.0159884720342,HLA-B*08:01
tesla-01eea576f0a535bb,MHCflurry,2.2.1,presentation,0.56956951789,higher,predicted,193.791653802,0.405,0.56956951789,0.678043478261,0.303009882569,HLA-B*08:01
tesla-5c203171205a1c86,MHCflurry,2.2.1,presentation,0.972833970823,higher,predicted,42.3557221084,0.023625,0.972833970823,0.0165760869566,0.817698121071,HLA-A*01:01
tesla-72584ffd003ede92,MHCflurry,2.2.1,presentation,0.640417691203,higher,predicted,90.0070657808,0.154375,0.640417691203,0.541929347826,0.176433422603,HLA-B*08:01
tesla-38ef878428053ffb,MHCflurry,2.2.1,presentation,0.7118687697,higher,predicted,94.5922407446,0.169375,0.7118687697,0.418288043478,0.282581020147,HLA-B*08:01
tesla-386365e5fc59a831,MHCflurry,2.2.1,presentation,0.218588544643,higher,predicted,375.484252586,0.458125,0.218588544643,1.7260326087,0.0453820277471,HLA-A*01:01
tesla-24a69c1924adcbe3,MHCflurry,2.2.1,presentation,0.778098418355,higher,predicted,52.4410625129,0.03825,0.778098418355,0.312364130435,0.219596974552,HLA-B*08:01
tesla-958d2c6428d278fe,MHCflurry,2.2.1,presentation,0.576868379213,higher,predicted,70.5288435954,0.096,0.576868379213,0.661603260869,0.0339493469655,HLA-B*08:01
tesla-66e04f77cad9d6f0,MHCflurry,2.2.1,presentation,0.689840406896,higher,predicted,48.0097475927,0.14625,0.689840406896,0.454836956522,0.0666906078695,HLA-A*03:01
tesla-02322e4968bedf33,MHCflurry,2.2.1,presentation,0.0133745151744,higher,predicted,7662.89826519,3.344125,0.0133745151744,17.3055978261,0.0178261161345,HLA-A*03:01
tesla-6e7a48174013cfcd,MHCflurry,2.2.1,presentation,0.990057772377,higher,predicted,20.0543772789,0.00025,0.990057772377,0.00111413043476,0.901496037841,HLA-A*03:01
tesla-55a9c95ade8a24b9,MHCflurry,2.2.1,presentation,0.760085209375,higher,predicted,810.324962221,1.226375,0.760085209375,0.341277173913,0.942534223199,HLA-A*03:01
tesla-bc5911bd9ab9aaaf,MHCflurry,2.2.1,presentation,0.8074223414,higher,predicted,25.2457963619,0.008125,0.8074223414,0.266956521739,0.0694158421829,HLA-A*03:01
tesla-7976ecc1d2c0a15c,MHCflurry,2.2.1,presentation,0.703411588077,higher,predicted,478.082203871,0.808375,0.703411588077,0.433043478261,0.715836182237,HLA-B*08:01
tesla-7aaea6001247b62e,MHCflurry,2.2.1,presentation,0.900427941572,higher,predicted,23.4678814844,0.003375,0.900427941572,0.121195652174,0.266612198669,HLA-A*03:01
tesla-dea8cba08fb3b7f3,MHCflurry,2.2.1,presentation,0.812573165518,higher,predicted,321.122065859,0.402625,0.812573165518,0.258967391304,0.777071788907,HLA-A*01:01
tesla-9d3b734f919d15cc,MHCflurry,2.2.1,presentation,0.920082769644,higher,predicted,41.0370896931,0.09825,0.920082769644,0.0904347826087,0.48828811571,HLA-A*03:01
tesla-e2b007b20c3aed3e,MHCflurry,2.2.1,presentation,0.821950911931,higher,predicted,23.2176973371,0.00325,0.821950911931,0.242798913043,0.0736350672087,HLA-A*03:01
tesla-773775992758861d,MHCflurry,2.2.1,presentation,0.854593251863,higher,predicted,67.90682256,0.263875,0.854593251863,0.193043478261,0.436523612589,HLA-A*03:01
tesla-afe63a1aadefd48e,MHCflurry,2.2.1,presentation,0.980189755663,higher,predicted,31.4365319404,0.036,0.980189755663,0.00725543478262,0.827225327492,HLA-A*03:01
tesla-fd6b15e3ae376003,MHCflurry,2.2.1,presentation,0.851224162262,higher,predicted,31.0216215786,0.0345,0.851224162262,0.197744565217,0.213845329126,HLA-A*03:01
tesla-9e6bceb3b6e70e70,MHCflurry,2.2.1,presentation,0.838897941321,higher,predicted,34.9954818549,0.059125,0.838897941321,0.216548913043,0.220317059197,HLA-A*03:01
tesla-cd4bbdb2eb642ffd,MHCflurry,2.2.1,presentation,0.911344233265,higher,predicted,86.1435044868,0.14275,0.911344233265,0.103940217391,0.659842908382,HLA-B*08:01
tesla-9116022f628d089d,MHCflurry,2.2.1,presentation,0.949738120058,higher,predicted,32.5144025119,0.042875,0.949738120058,0.0480706521739,0.564413884655,HLA-A*03:01
tesla-70d138a9bfb6c219,MHCflurry,2.2.1,presentation,0.57503854506,higher,predicted,86.4033695597,0.114,0.57503854506,0.665461956522,0.0875644718762,HLA-A*01:01
tesla-08e75c07de7a0d0d,MHCflurry,2.2.1,presentation,0.953486926262,higher,predicted,56.4066550661,0.053625,0.953486926262,0.0427173913044,0.738679789007,HLA-B*08:01
tesla-a078fc1bc09ce8b8,MHCflurry,2.2.1,presentation,0.687659896805,higher,predicted,44.1383981978,0.016125,0.687659896805,0.459891304348,0.0407342110993,HLA-B*08:01
tesla-3c806228cf7fafcb,MHCflurry,2.2.1,presentation,0.919322942193,higher,predicted,39.2328416585,0.01775,0.919322942193,0.091875,0.473036269657,HLA-A*01:01
tesla-31ecfe867b7d89f1,MHCflurry,2.2.1,presentation,0.822465797679,higher,predicted,79.0278623026,0.10225,0.822465797679,0.242798913043,0.410909019411,HLA-A*01:01
tesla-efb705bd7510a1a6,MHCflurry,2.2.1,presentation,0.696710593627,higher,predicted,71.4335564657,0.101625,0.696710593627,0.442608695652,0.184914043173,HLA-B*08:01
tesla-8d3e474a86832f04,MHCflurry,2.2.1,presentation,0.708982601912,higher,predicted,50.3281025146,0.16175,0.708982601912,0.423233695652,0.105378628708,HLA-A*03:01
tesla-ec7b81c319eec0f2,MHCflurry,2.2.1,presentation,0.483299368207,higher,predicted,121.520630644,0.470125,0.483299368207,0.858478260869,0.0768303238146,HLA-A*03:01
tesla-e04d58aeec014259,MHCflurry,2.2.1,presentation,0.967725979684,higher,predicted,26.1783609242,0.000375,0.967725979684,0.0225815217392,0.63541361317,HLA-A*01:01
