record_id,predictor,predictor_version,task,score,score_direction,status,prime_percent_rank,mixmhcpred_percent_rank,allele
tesla-616f27a10aa0f05f,PRIME,2.0,immunogenicity,0.02128,higher,predicted,1.805,1.1,B4402
tesla-f2dcca675aedb8d9,PRIME,2.0,immunogenicity,0.181587,higher,predicted,0.032,0.018,B4402
tesla-aaa94ca70f0c0a65,PRIME,2.0,immunogenicity,0.155878,higher,predicted,0.093,1.791,A0201
tesla-2a07c22ef7cba611,PRIME,2.0,immunogenicity,0.06768,higher,predicted,0.479,0.637,A0201
tesla-8c5ece8252b99aa7,PRIME,2.0,immunogenicity,0.023031,higher,predicted,1.92,1.316,A0201
tesla-4b12f50397023800,PRIME,2.0,immunogenicity,0.128268,higher,predicted,0.148,0.029,A0201
tesla-002a691a3e3cd93b,PRIME,2.0,immunogenicity,0.045769,higher,predicted,0.491,0.496,A6801
tesla-3bb52604654d65a5,PRIME,2.0,immunogenicity,0.05378,higher,predicted,0.665,0.651,A0201
tesla-6a90e2fbfe007e02,PRIME,2.0,immunogenicity,0.059354,higher,predicted,0.331,0.087,A6801
tesla-0560014b5277bae4,PRIME,2.0,immunogenicity,0.244399,higher,predicted,0.005,0.001,A6801
tesla-41434cd8ade6f2e5,PRIME,2.0,immunogenicity,0.145353,higher,predicted,0.064,0.446,B4402
tesla-6ac7e4f40ed372b5,PRIME,2.0,immunogenicity,0.20696,higher,predicted,0.018,0.022,B4402
tesla-3438dd9a2f8537cc,PRIME,2.0,immunogenicity,0.167984,higher,predicted,0.042,0.009,B4402
tesla-abd287fe778ca178,PRIME,2.0,immunogenicity,0.121779,higher,predicted,0.101,0.026,B4402
tesla-d876d75dcd17e205,PRIME,2.0,immunogenicity,0.202098,higher,predicted,0.018,0.011,A6801
tesla-21b1e02f2206dc6c,PRIME,2.0,immunogenicity,0.053857,higher,predicted,0.663,1.352,A0201
tesla-b1ce97b5544c383d,PRIME,2.0,immunogenicity,0.313805,higher,predicted,0.001,0.001,A6801
tesla-674c45dad6c7db3e,PRIME,2.0,immunogenicity,0.101484,higher,predicted,0.12,0.859,A6801
tesla-116e5eb351521276,PRIME,2.0,immunogenicity,0.147166,higher,predicted,0.049,0.047,A6801
tesla-27cc5024bdc42cde,PRIME,2.0,immunogenicity,0.068103,higher,predicted,0.264,1.148,A6801
tesla-8f0e99e949133f17,PRIME,2.0,immunogenicity,0.243821,higher,predicted,0.018,0.022,A0201
tesla-82e45c203a3bcfc7,PRIME,2.0,immunogenicity,0.252202,higher,predicted,0.014,0.078,A0201
tesla-25d2eff6bdee7d10,PRIME,2.0,immunogenicity,0.170327,higher,predicted,0.072,0.159,A0201
tesla-a5a1c8d48997afb2,PRIME,2.0,immunogenicity,0.093617,higher,predicted,0.278,0.423,A0201
tesla-da4640a408388083,PRIME,2.0,immunogenicity,0.049424,higher,predicted,0.439,0.275,A6801
tesla-336997ed4cf1d67d,PRIME,2.0,immunogenicity,0.061972,higher,predicted,0.307,0.246,A6801
tesla-e7d4e259d51c103a,PRIME,2.0,immunogenicity,0.09781,higher,predicted,0.257,1.205,A0201
tesla-83dc7d0223c0fa2a,PRIME,2.0,immunogenicity,0.114521,higher,predicted,0.09,0.162,A6801
tesla-fe561a9591e09d2d,PRIME,2.0,immunogenicity,0.004364,higher,predicted,8.386,7.526,A6801
tesla-01fb1dcf2e5db5ba,PRIME,2.0,immunogenicity,0.082163,higher,predicted,0.351,0.37,A0201
tesla-736fbb66baa1e5f3,PRIME,2.0,immunogenicity,0.092854,higher,predicted,0.283,0.212,A0201
tesla-0a4a6459a0de4168,PRIME,2.0,immunogenicity,0.007522,higher,predicted,4.682,10.139,A6801
tesla-a74e5cd3483401b9,PRIME,2.0,immunogenicity,0.010959,higher,predicted,4.242,7.262,A0201
tesla-7d00c11e73b47e7f,PRIME,2.0,immunogenicity,0.201233,higher,predicted,0.021,0.096,B4402
tesla-762d858f10d3866b,PRIME,2.0,immunogenicity,0.126856,higher,predicted,0.092,0.021,B4402
tesla-b4938af023ea1673,PRIME,2.0,immunogenicity,0.116776,higher,predicted,0.112,0.02,B4402
tesla-17680e7afc1bea93,PRIME,2.0,immunogenicity,0.105502,higher,predicted,0.142,0.177,B4402
tesla-2233326548b61aa6,PRIME,2.0,immunogenicity,0.144194,higher,predicted,0.113,0.161,A0201
tesla-ff1612b7384ab4dd,PRIME,2.0,immunogenicity,0.103784,higher,predicted,0.228,0.081,A0201
tesla-d53377c149055aa5,PRIME,2.0,immunogenicity,0.262729,higher,predicted,0.011,0.046,A0201
tesla-757d7e4ff453f62b,PRIME,2.0,immunogenicity,0.008022,higher,predicted,5.776,11.107,A0201
tesla-e91168e4291a605e,PRIME,2.0,immunogenicity,0.049902,higher,predicted,0.433,0.292,A6801
tesla-094c84ffae1dad30,PRIME,2.0,immunogenicity,0.025654,higher,predicted,1.441,2.928,B4402
tesla-92dc7f94d479cfd8,PRIME,2.0,immunogenicity,0.021352,higher,predicted,2.078,8.174,A0201
tesla-3a11b33b31854db1,PRIME,2.0,immunogenicity,0.048696,higher,predicted,0.449,2.981,A6801
tesla-043642e747ec0ae6,PRIME,2.0,immunogenicity,0.163458,higher,predicted,0.082,0.121,A0201
tesla-c2a5ca55fc704fb5,PRIME,2.0,immunogenicity,0.024417,higher,predicted,1.536,1.805,B4402
tesla-5b7d93bbb1483902,PRIME,2.0,immunogenicity,0.162595,higher,predicted,0.084,0.03,A0201
tesla-c7b1b1d19fca3296,PRIME,2.0,immunogenicity,0.144363,higher,predicted,0.112,0.4,A0201
tesla-3e8678d57597be72,PRIME,2.0,immunogenicity,0.077397,higher,predicted,0.388,0.512,A0201
tesla-ad1165c60777d4d5,PRIME,2.0,immunogenicity,0.047983,higher,predicted,0.779,3.319,A0201
tesla-122798807b87fa7c,PRIME,2.0,immunogenicity,0.044744,higher,predicted,0.859,1.71,A0201
tesla-fd148449f5f5a274,PRIME,2.0,immunogenicity,0.297051,higher,predicted,0.005,0.011,A0201
tesla-a1226d352df69cdf,PRIME,2.0,immunogenicity,0.166002,higher,predicted,0.079,0.283,A0201
tesla-60a47fa115eec5c1,PRIME,2.0,immunogenicity,0.240275,higher,predicted,0.019,0.011,A0201
tesla-a0a36401dc9c1279,PRIME,2.0,immunogenicity,0.026589,higher,predicted,1.67,1.205,A0201
tesla-138a7da522432950,PRIME,2.0,immunogenicity,0.003305,higher,predicted,13.647,11.662,A0201
tesla-8dae54f83bb22934,PRIME,2.0,immunogenicity,0.018327,higher,predicted,2.491,9.64,A0201
tesla-fdc53556a90bf9b6,PRIME,2.0,immunogenicity,0.129291,higher,predicted,0.087,0.103,B4402
tesla-5f39b09d538f93ab,PRIME,2.0,immunogenicity,0.010178,higher,predicted,3.34,14.194,A6801
tesla-cc1bdf16d4b3df17,PRIME,2.0,immunogenicity,0.002079,higher,predicted,17.769,11.665,A6801
tesla-9355edea8b417e96,PRIME,2.0,immunogenicity,0.014209,higher,predicted,2.264,2.002,A6801
tesla-1d05186c82d7addd,PRIME,2.0,immunogenicity,0.057304,higher,predicted,0.432,0.038,B4402
tesla-f6505b9fc8747cc0,PRIME,2.0,immunogenicity,0.066946,higher,predicted,0.487,0.391,A0201
tesla-fbf4a9929b22a019,PRIME,2.0,immunogenicity,0.093235,higher,predicted,0.28,0.362,A0201
tesla-b882dc358947b0a1,PRIME,2.0,immunogenicity,0.115577,higher,predicted,0.184,0.263,A0201
tesla-5b0924e0b59db559,PRIME,2.0,immunogenicity,0.054849,higher,predicted,0.375,0.597,A6801
tesla-b06432164cbf4168,PRIME,2.0,immunogenicity,0.005576,higher,predicted,8.157,11.75,A0201
tesla-dca66a2387d7634d,PRIME,2.0,immunogenicity,0.168055,higher,predicted,0.042,0.189,B4402
tesla-8e4c4fdb25c716e3,PRIME,2.0,immunogenicity,0.075803,higher,predicted,0.401,0.955,A0201
tesla-357876cd834234e2,PRIME,2.0,immunogenicity,0.186768,higher,predicted,0.054,0.069,A0201
tesla-bea5c8ffa61a880b,PRIME,2.0,immunogenicity,0.057828,higher,predicted,0.345,0.81,A6801
tesla-6cecfb1cffa11176,PRIME,2.0,immunogenicity,0.105683,higher,predicted,0.109,0.49,A6801
tesla-8c88fc67e7221073,PRIME,2.0,immunogenicity,0.026045,higher,predicted,1.071,4.228,A6801
tesla-5b6f822d911e0134,PRIME,2.0,immunogenicity,0.111858,higher,predicted,0.095,0.552,A6801
tesla-519e959be5dda3a4,PRIME,2.0,immunogenicity,0.103645,higher,predicted,0.148,0.561,B4402
tesla-5945a265ace31a75,PRIME,2.0,immunogenicity,0.241768,higher,predicted,0.018,0.056,A0201
tesla-b9443cd1697dec23,PRIME,2.0,immunogenicity,0.154519,higher,predicted,0.095,0.135,A0201
tesla-7b518c43687a6787,PRIME,2.0,immunogenicity,0.021106,higher,predicted,2.109,1.354,A0201
tesla-a330a4ca2dfedf72,PRIME,2.0,immunogenicity,0.021957,higher,predicted,2.004,0.609,A0201
tesla-ff913064a135277d,PRIME,2.0,immunogenicity,0.080844,higher,predicted,0.361,0.349,A0201
tesla-dcb4b7a6d154b1b2,PRIME,2.0,immunogenicity,0.051638,higher,predicted,0.411,0.529,A6801
tesla-fa74d97b31e5ab38,PRIME,2.0,immunogenicity,0.019383,higher,predicted,1.99,0.38,B4402
tesla-08f3b3eb2d029098,PRIME,2.0,immunogenicity,0.201234,higher,predicted,0.021,0.022,B4402
tesla-f2a033907dea1a77,PRIME,2.0,immunogenicity,0.040157,higher,predicted,0.838,2.132,B0801
tesla-cd72a9710ffb0331,PRIME,2.0,immunogenicity,0.009146,higher,predicted,4.536,1.866,B0801
tesla-15d878de54dfa6bf,PRIME,2.0,immunogenicity,0.047155,higher,predicted,0.685,0.302,B0801
tesla-707eb38101757d13,PRIME,2.0,immunogenicity,0.093801,higher,predicted,0.222,0.566,B0801
tesla-7ee2680775e0f087,PRIME,2.0,immunogenicity,0.109843,higher,predicted,0.219,0.181,A2402
tesla-884de2e1da442dc6,PRIME,2.0,immunogenicity,0.071918,higher,predicted,0.457,0.213,A2402
tesla-ff3b7b4ff8a1bba1,PRIME,2.0,immunogenicity,0.034512,higher,predicted,1.294,0.129,A2402
tesla-96b058801c4154ef,PRIME,2.0,immunogenicity,0.174139,higher,predicted,0.071,0.231,A2402
tesla-dd84e5b169378f53,PRIME,2.0,immunogenicity,0.141832,higher,predicted,0.068,0.092,B4402
tesla-8fb3114d4994e26c,PRIME,2.0,immunogenicity,0.101712,higher,predicted,0.154,0.101,B4402
tesla-021f03fe576d86f9,PRIME,2.0,immunogenicity,0.088576,higher,predicted,0.203,0.074,B4402
tesla-63b1c974481b148b,PRIME,2.0,immunogenicity,0.230527,higher,predicted,0.009,0.089,B4402
tesla-981e28248f9246f2,PRIME,2.0,immunogenicity,0.003679,higher,predicted,11.118,7.248,B0801
tesla-ef58c8b33e6212bf,PRIME,2.0,immunogenicity,0.281597,higher,predicted,0.004,0.003,B0801
tesla-6d3804fd6d93af64,PRIME,2.0,immunogenicity,0.278373,higher,predicted,0.008,0.018,A2402
tesla-be6a2b03385c184e,PRIME,2.0,immunogenicity,0.003603,higher,predicted,11.386,9.879,B0801
tesla-f5731d778d7a0ce0,PRIME,2.0,immunogenicity,0.001627,higher,predicted,21.822,3.576,B0801
tesla-29765fd7849aba80,PRIME,2.0,immunogenicity,0.227198,higher,predicted,0.017,0.019,B0801
tesla-88e196ffd97f684f,PRIME,2.0,immunogenicity,0.010855,higher,predicted,3.955,2.255,B4402
tesla-39300fd8999b35be,PRIME,2.0,immunogenicity,0.245892,higher,predicted,0.01,0.023,B0801
tesla-37d9e1823cbcb557,PRIME,2.0,immunogenicity,0.122128,higher,predicted,0.126,0.282,B0801
tesla-9dfc6d2ea04c61b8,PRIME,2.0,immunogenicity,0.166307,higher,predicted,0.056,0.347,B0801
tesla-05bfe8a4d4ecda24,PRIME,2.0,immunogenicity,0.284392,higher,predicted,0.007,0.005,A2402
tesla-d8c52f9f1b1de019,PRIME,2.0,immunogenicity,0.011013,higher,predicted,3.898,3.706,B4402
tesla-40dc749ac30165d3,PRIME,2.0,immunogenicity,0.157037,higher,predicted,0.066,0.003,B0801
tesla-c386239f2963d9f0,PRIME,2.0,immunogenicity,0.143723,higher,predicted,0.085,0.032,B0801
tesla-10982ef2ecc4c390,PRIME,2.0,immunogenicity,0.004992,higher,predicted,8.997,6.826,A2402
tesla-f41b6caf8bdbd160,PRIME,2.0,immunogenicity,0.149666,higher,predicted,0.075,0.661,B0801
tesla-8f91df273d3e736f,PRIME,2.0,immunogenicity,0.027073,higher,predicted,1.714,2.824,A2402
tesla-bb9ef4d56904c047,PRIME,2.0,immunogenicity,0.303868,higher,predicted,0.004,0.008,A2402
tesla-a809fdcd4d9b2995,PRIME,2.0,immunogenicity,0.004171,higher,predicted,9.68,7.192,B0801
tesla-5009f7745e445ae4,PRIME,2.0,immunogenicity,0.026397,higher,predicted,1.468,0.806,B0801
tesla-7cd83bec265b9523,PRIME,2.0,immunogenicity,0.162728,higher,predicted,0.087,0.207,A2402
tesla-f244e81c48788c61,PRIME,2.0,immunogenicity,0.004591,higher,predicted,9.701,4.522,A2402
tesla-2dc3d4ca3466a72c,PRIME,2.0,immunogenicity,0.094588,higher,predicted,0.179,0.441,B4402
tesla-178a7a3aecd9f360,PRIME,2.0,immunogenicity,0.120988,higher,predicted,0.103,0.106,B4402
tesla-8842a802396bf3c0,PRIME,2.0,immunogenicity,0.005887,higher,predicted,7.79,11.465,A2402
tesla-670ed7e83f5470a2,PRIME,2.0,immunogenicity,0.023469,higher,predicted,1.612,0.686,B4402
tesla-0488fc73b2db3f3d,PRIME,2.0,immunogenicity,0.042224,higher,predicted,0.974,0.31,A2402
tesla-19d77c44af507ccd,PRIME,2.0,immunogenicity,0.028339,higher,predicted,1.634,0.81,A2402
tesla-08c9663aad176deb,PRIME,2.0,immunogenicity,0.0669,higher,predicted,0.509,1.245,A2402
tesla-bca6031992e8fbcd,PRIME,2.0,immunogenicity,0.12396,higher,predicted,0.097,0.093,B4402
tesla-ebcb63737f9e72b7,PRIME,2.0,immunogenicity,0.073771,higher,predicted,0.346,0.109,B0801
tesla-40bf3bc2f438636a,PRIME,2.0,immunogenicity,0.000346,higher,predicted,57.043,9.378,B0801
tesla-768fc8a00b2d1d2b,PRIME,2.0,immunogenicity,0.065943,higher,predicted,0.521,0.733,A2402
tesla-c6d598fbf345248d,PRIME,2.0,immunogenicity,0.032619,higher,predicted,1.39,1.089,A2402
tesla-477064c9b5a26b31,PRIME,2.0,immunogenicity,0.065349,higher,predicted,0.529,0.448,A2402
tesla-3f03c2e5a712aa14,PRIME,2.0,immunogenicity,0.002304,higher,predicted,17.049,9.254,B0801
tesla-a32b92f527366cf3,PRIME,2.0,immunogenicity,0.063039,higher,predicted,0.37,0.204,B4402
tesla-b1dba6429e4579c3,PRIME,2.0,immunogenicity,0.05638,higher,predicted,0.662,0.11,A2402
tesla-4d575877c20eb95f,PRIME,2.0,immunogenicity,0.138565,higher,predicted,0.13,0.467,A2402
tesla-a2b35a52907aa824,PRIME,2.0,immunogenicity,0.311876,higher,predicted,0.003,0.008,A2402
tesla-743ba95af68ca932,PRIME,2.0,immunogenicity,0.057501,higher,predicted,0.644,2.477,A2402
tesla-487cef6fa5560e41,PRIME,2.0,immunogenicity,0.099903,higher,predicted,0.261,0.651,A2402
tesla-bbf31bdc95777ce9,PRIME,2.0,immunogenicity,0.293563,higher,predicted,0.003,0.004,B0801
tesla-cea86752ce437511,PRIME,2.0,immunogenicity,0.109438,higher,predicted,0.162,0.384,B0801
tesla-6cb53c2487b004e6,PRIME,2.0,immunogenicity,0.041495,higher,predicted,0.804,0.439,B0801
tesla-386f16e3c74012d9,PRIME,2.0,immunogenicity,0.019339,higher,predicted,1.751,3.686,A0301
tesla-2dd5563a70fcfc07,PRIME,2.0,immunogenicity,0.173179,higher,predicted,0.068,0.01,A0201
tesla-0a1f912ea1c28d50,PRIME,2.0,immunogenicity,0.303672,higher,predicted,0.004,0.002,A0201
tesla-7bb49170c1d6bff8,PRIME,2.0,immunogenicity,0.036226,higher,predicted,1.145,0.419,A0201
tesla-52b412d560f7e900,PRIME,2.0,immunogenicity,0.219529,higher,predicted,0.03,0.06,A0201
tesla-9fbec40b6b932c2d,PRIME,2.0,immunogenicity,0.193865,higher,predicted,0.026,0.055,A0301
tesla-aee9f7a0ae659ec8,PRIME,2.0,immunogenicity,0.039271,higher,predicted,0.571,0.309,B0702
tesla-b53244d3088b4cf0,PRIME,2.0,immunogenicity,0.024907,higher,predicted,1.115,0.746,B0702
tesla-502e0e4ef0e6c777,PRIME,2.0,immunogenicity,0.004706,higher,predicted,8.102,3.281,B0702
tesla-711e7034b07ed89b,PRIME,2.0,immunogenicity,0.094731,higher,predicted,0.173,0.188,A0301
tesla-fd4d59346074b4c9,PRIME,2.0,immunogenicity,0.029774,higher,predicted,1.474,3.676,A0201
tesla-b88c622bb0a03534,PRIME,2.0,immunogenicity,0.066524,higher,predicted,0.318,1.286,A0301
tesla-d81b7a82c21aa79e,PRIME,2.0,immunogenicity,0.063643,higher,predicted,0.524,0.658,A0201
tesla-5637786164fc4bce,PRIME,2.0,immunogenicity,0.009977,higher,predicted,4.67,4.728,A0201
tesla-949065e1f253fc96,PRIME,2.0,immunogenicity,0.033847,higher,predicted,0.852,1.055,A0301
tesla-d9914b684e7d427f,PRIME,2.0,immunogenicity,0.015594,higher,predicted,2.213,2.238,A0301
tesla-d3e08d3798e9d81b,PRIME,2.0,immunogenicity,0.13713,higher,predicted,0.054,0.028,B0702
tesla-9207108c2ae6acf8,PRIME,2.0,immunogenicity,0.034505,higher,predicted,0.695,0.512,B0702
tesla-530261c459ee0a2c,PRIME,2.0,immunogenicity,0.023032,higher,predicted,1.255,0.949,B0702
tesla-4407412b1c9c9690,PRIME,2.0,immunogenicity,0.069377,higher,predicted,0.296,1.879,A0301
tesla-006675f14b50a976,PRIME,2.0,immunogenicity,0.039913,higher,predicted,0.993,1.085,A0201
tesla-b139df5128801fcb,PRIME,2.0,immunogenicity,0.08328,higher,predicted,0.343,0.121,A0201
tesla-d7db8cd063a95dce,PRIME,2.0,immunogenicity,0.051983,higher,predicted,0.696,2.704,A0201
tesla-3612b043abcc40ed,PRIME,2.0,immunogenicity,0.126219,higher,predicted,0.067,0.038,B0702
tesla-523e16e0a507e84a,PRIME,2.0,immunogenicity,0.072562,higher,predicted,0.212,0.24,B0702
tesla-3c2d54765a409a86,PRIME,2.0,immunogenicity,0.042876,higher,predicted,0.618,0.514,A0301
tesla-9c8e8cde5e3906a8,PRIME,2.0,immunogenicity,0.007057,higher,predicted,6.541,3.615,A0201
tesla-94b9b04acc7f6b6b,PRIME,2.0,immunogenicity,0.008507,higher,predicted,5.463,5.365,A0201
tesla-c8522577e24d932d,PRIME,2.0,immunogenicity,0.016836,higher,predicted,2.723,3.379,A0201
tesla-c57f99564709f058,PRIME,2.0,immunogenicity,0.008338,higher,predicted,5.57,4.179,A0201
tesla-88912e6c31fd5b42,PRIME,2.0,immunogenicity,0.002012,higher,predicted,19.448,11.736,A0201
tesla-00b09145723c594a,PRIME,2.0,immunogenicity,0.223464,higher,predicted,0.028,0.016,A0201
tesla-0e7b753619899870,PRIME,2.0,immunogenicity,0.173346,higher,predicted,0.023,0.431,B0702
tesla-1a6d78b250a1875f,PRIME,2.0,immunogenicity,0.017459,higher,predicted,2.623,2.532,A0201
tesla-7f29bdf3d8eba86b,PRIME,2.0,immunogenicity,0.1133,higher,predicted,0.348,0.153,C0602
tesla-f0b2b43c701ee888,PRIME,2.0,immunogenicity,0.001129,higher,predicted,28.691,16.314,C0602
tesla-95235f2880c56f3e,PRIME,2.0,immunogenicity,0.058894,higher,predicted,0.584,0.734,A0201
tesla-ea400f0301c730ea,PRIME,2.0,immunogenicity,0.00478,higher,predicted,7.808,8.567,A0301
tesla-64d78323c3eb4fb8,PRIME,2.0,immunogenicity,0.040429,higher,predicted,0.668,1.021,A0301
tesla-f7c927a05af6edbb,PRIME,2.0,immunogenicity,0.012506,higher,predicted,3.713,5.69,A0201
tesla-496b2f43aec7dc31,PRIME,2.0,immunogenicity,0.005534,higher,predicted,6.809,5.652,B0702
tesla-3f63ddf74dfae575,PRIME,2.0,immunogenicity,0.078543,higher,predicted,0.185,0.284,B0702
tesla-662fff53df039ca1,PRIME,2.0,immunogenicity,0.182581,higher,predicted,0.033,0.126,A0301
tesla-329cd7d606d663d6,PRIME,2.0,immunogenicity,0.092384,higher,predicted,0.181,0.272,A0301
tesla-c91d2ae56f8c298e,PRIME,2.0,immunogenicity,0.016441,higher,predicted,2.788,5.912,A0201
tesla-6f41b7116613d4ac,PRIME,2.0,immunogenicity,0.135264,higher,predicted,0.131,0.208,A0201
tesla-283e85b3ebe4d669,PRIME,2.0,immunogenicity,0.029237,higher,predicted,1.506,1.371,A0201
tesla-9ee2e3da26c7dfb4,PRIME,2.0,immunogenicity,0.164944,higher,predicted,0.08,0.292,A0201
tesla-1076f25cfd7ede75,PRIME,2.0,immunogenicity,0.077585,higher,predicted,0.386,0.212,A0201
tesla-600f5d0428e2fb75,PRIME,2.0,immunogenicity,0.199393,higher,predicted,0.013,0.007,B0702
tesla-e546f6c3107d4c9e,PRIME,2.0,immunogenicity,0.049672,higher,predicted,0.397,1.431,B0702
tesla-cdc9a36b348425a3,PRIME,2.0,immunogenicity,0.021352,higher,predicted,1.395,0.822,B0702
tesla-1bd413be788873be,PRIME,2.0,immunogenicity,0.061271,higher,predicted,0.283,0.538,B0702
tesla-f37e6bdca1f8d8cb,PRIME,2.0,immunogenicity,0.045442,higher,predicted,0.568,0.055,A0301
tesla-dc5d545fc67f4abc,PRIME,2.0,immunogenicity,0.099957,higher,predicted,0.246,0.124,A0201
tesla-4673a647cd48d811,PRIME,2.0,immunogenicity,0.041756,higher,predicted,0.519,0.34,B0702
tesla-29468efdd22ae4be,PRIME,2.0,immunogenicity,0.091173,higher,predicted,0.185,0.344,A0301
tesla-754c8549b59a8807,PRIME,2.0,immunogenicity,0.031901,higher,predicted,0.919,1.543,A0301
tesla-93c62db265f0fb6c,PRIME,2.0,immunogenicity,0.221915,higher,predicted,0.014,0.008,A0301
tesla-d1058235789bbd50,PRIME,2.0,immunogenicity,0.176662,higher,predicted,0.037,0.064,A0301
tesla-95ff120c92075767,PRIME,2.0,immunogenicity,0.017925,higher,predicted,1.89,2.571,A0301
tesla-c58342ee1466872c,PRIME,2.0,immunogenicity,0.244449,higher,predicted,0.017,0.057,A0201
tesla-26683cdc2b1d8c07,PRIME,2.0,immunogenicity,0.160058,higher,predicted,0.051,0.142,A0301
tesla-d9e886fed17477a7,PRIME,2.0,immunogenicity,0.160232,higher,predicted,0.087,0.02,A0201
tesla-bc1b500cc5b2eb68,PRIME,2.0,immunogenicity,0.012784,higher,predicted,3.633,1.721,A0201
tesla-7eb2fd7a945f88ee,PRIME,2.0,immunogenicity,0.022984,higher,predicted,1.924,0.823,A0201
tesla-78c0cf081a7636c0,PRIME,2.0,immunogenicity,0.023258,higher,predicted,1.903,1.611,A0201
tesla-4866a5cef8927c73,PRIME,2.0,immunogenicity,0.00886,higher,predicted,3.991,2.903,B0702
tesla-dd8865f89dd1621b,PRIME,2.0,immunogenicity,0.10237,higher,predicted,0.415,0.201,C0602
tesla-7a968edac5bd3f32,PRIME,2.0,immunogenicity,0.013178,higher,predicted,4.485,0.562,C0602
tesla-db1e67feda020d59,PRIME,2.0,immunogenicity,0.019675,higher,predicted,2.297,7.422,A0201
tesla-a8f20a51ad5a9396,PRIME,2.0,immunogenicity,0.050429,higher,predicted,0.727,0.593,A0201
tesla-3b7e035b06b8cd67,PRIME,2.0,immunogenicity,0.258705,higher,predicted,0.012,0.047,A0201
tesla-ca108247777a3d7e,PRIME,2.0,immunogenicity,0.041147,higher,predicted,0.957,1.098,A0201
tesla-a9106bc2c7dbbf7b,PRIME,2.0,immunogenicity,0.188581,higher,predicted,0.052,0.096,A0201
tesla-670d9e5a04e64dbd,PRIME,2.0,immunogenicity,0.069818,higher,predicted,0.457,0.234,A0201
tesla-3c5911df901adda8,PRIME,2.0,immunogenicity,0.056398,higher,predicted,0.621,3.838,A0201
tesla-811451a25730b20f,PRIME,2.0,immunogenicity,0.208397,higher,predicted,0.017,0.012,B4402
tesla-94a43fa5863a4ca5,PRIME,2.0,immunogenicity,0.115621,higher,predicted,0.115,0.586,B4402
tesla-b015954bcb3f6586,PRIME,2.0,immunogenicity,0.005402,higher,predicted,8.403,10.731,A0201
tesla-0ff4e3192dbefaa4,PRIME,2.0,immunogenicity,0.025415,higher,predicted,1.459,0.378,B4402
tesla-3f63b8b609ca7634,PRIME,2.0,immunogenicity,0.058063,higher,predicted,0.423,0.095,B4402
tesla-9726ba3d6109f2ba,PRIME,2.0,immunogenicity,0.070411,higher,predicted,0.451,0.153,A0201
tesla-80bc767be73ea1bc,PRIME,2.0,immunogenicity,0.285193,higher,predicted,0.006,0.022,A0201
tesla-e094bd2dd2002cb6,PRIME,2.0,immunogenicity,0.181529,higher,predicted,0.059,0.026,A0201
tesla-ea7b82a492500220,PRIME,2.0,immunogenicity,0.193641,higher,predicted,0.047,0.128,A0201
tesla-4e86b6bb1f2ece6b,PRIME,2.0,immunogenicity,0.022101,higher,predicted,1.991,4.659,A0201
tesla-ba8a86ac124857a4,PRIME,2.0,immunogenicity,0.060408,higher,predicted,0.497,0.101,C0501
tesla-ab3edd194a545c61,PRIME,2.0,immunogenicity,0.040995,higher,predicted,0.735,0.123,A1101
tesla-d09363e761d27d4c,PRIME,2.0,immunogenicity,0.091228,higher,predicted,0.25,0.35,C0501
tesla-b80dff439d03b064,PRIME,2.0,immunogenicity,0.084431,higher,predicted,0.238,0.321,A1101
tesla-e065917829b11d53,PRIME,2.0,immunogenicity,0.044596,higher,predicted,0.863,1.153,A0201
tesla-c8b0427e2ffa9867,PRIME,2.0,immunogenicity,0.053681,higher,predicted,0.666,0.664,A0201
tesla-36618512c4bd0114,PRIME,2.0,immunogenicity,0.078014,higher,predicted,0.383,0.316,A0201
tesla-b7e360cb0fa71994,PRIME,2.0,immunogenicity,0.083096,higher,predicted,0.245,1.355,A1101
tesla-a95e798d80c71465,PRIME,2.0,immunogenicity,0.048024,higher,predicted,0.588,0.283,A1101
tesla-8046d855b64052a7,PRIME,2.0,immunogenicity,0.113035,higher,predicted,0.192,1.305,A0201
tesla-84c7b16cf792391c,PRIME,2.0,immunogenicity,0.081704,higher,predicted,0.267,0.425,B2705
tesla-2be8de7073fe63f1,PRIME,2.0,immunogenicity,0.15099,higher,predicted,0.073,0.006,B2705
tesla-db72265eb5b72816,PRIME,2.0,immunogenicity,0.033298,higher,predicted,0.976,0.623,B4402
tesla-a7d1007d32877185,PRIME,2.0,immunogenicity,0.027982,higher,predicted,1.274,8.077,A1101
tesla-fb30a985337df862,PRIME,2.0,immunogenicity,0.007849,higher,predicted,5.891,0.855,A0201
tesla-51ccc55c8bbd3602,PRIME,2.0,immunogenicity,0.017676,higher,predicted,2.59,0.826,A0201
tesla-b345366e4aa607b0,PRIME,2.0,immunogenicity,0.013514,higher,predicted,2.924,2.226,A1101
tesla-88fc31a0e1213b19,PRIME,2.0,immunogenicity,0.086025,higher,predicted,0.324,1.445,A0201
tesla-3a214d74eb79bc50,PRIME,2.0,immunogenicity,0.016098,higher,predicted,2.846,3.701,A0201
tesla-77cb58ab81bb789d,PRIME,2.0,immunogenicity,0.030449,higher,predicted,1.436,0.653,A0201
tesla-e6d913e93ea433e3,PRIME,2.0,immunogenicity,0.173113,higher,predicted,0.045,0.114,A1101
tesla-d3aac9df8960d51d,PRIME,2.0,immunogenicity,0.084918,higher,predicted,0.25,0.232,B2705
tesla-6739d2cdf2b72f67,PRIME,2.0,immunogenicity,0.026552,higher,predicted,1.472,0.51,B2705
tesla-267f84de8eb4961a,PRIME,2.0,immunogenicity,0.073097,higher,predicted,0.323,0.567,B2705
tesla-db90ce62c76c03c8,PRIME,2.0,immunogenicity,0.12475,higher,predicted,0.116,0.187,B2705
tesla-1b775d7f748f9ab5,PRIME,2.0,immunogenicity,0.127627,higher,predicted,0.124,0.083,C0501
tesla-7ae75dc4d93086dc,PRIME,2.0,immunogenicity,0.085324,higher,predicted,0.329,0.322,A0201
tesla-57d1ead662a3fe24,PRIME,2.0,immunogenicity,0.090625,higher,predicted,0.209,1.146,A1101
tesla-d830cdc4c29bcfc1,PRIME,2.0,immunogenicity,0.193431,higher,predicted,0.048,0.032,A0201
tesla-d3d67e792d98f313,PRIME,2.0,immunogenicity,0.034119,higher,predicted,1.243,0.499,A0201
tesla-ccfe8ac3891db90e,PRIME,2.0,immunogenicity,0.014666,higher,predicted,3.133,3.911,A0201
tesla-829a571f587a3c3f,PRIME,2.0,immunogenicity,0.025956,higher,predicted,1.712,5.827,A0201
tesla-f83a9d7c438d1027,PRIME,2.0,immunogenicity,0.118546,higher,predicted,0.13,0.446,B2705
tesla-0bbddcf324b2978c,PRIME,2.0,immunogenicity,0.047868,higher,predicted,0.627,2.48,B2705
tesla-164364ad91e7a290,PRIME,2.0,immunogenicity,0.021332,higher,predicted,1.855,2.513,C0501
tesla-fb8280028d8f818e,PRIME,2.0,immunogenicity,0.04749,higher,predicted,0.597,0.814,A1101
tesla-869d556b03be6cd0,PRIME,2.0,immunogenicity,0.021565,higher,predicted,2.052,0.848,A0201
tesla-49cd7b2abb10c0ef,PRIME,2.0,immunogenicity,0.011879,higher,predicted,3.901,9.587,A0201
tesla-c43a2270ef0c5c8b,PRIME,2.0,immunogenicity,0.060126,higher,predicted,0.568,1.062,A0201
tesla-abd4aaf37dce636b,PRIME,2.0,immunogenicity,0.011598,higher,predicted,3.988,6.525,A0201
tesla-aa03903f30887ce9,PRIME,2.0,immunogenicity,0.095241,higher,predicted,0.191,0.537,A1101
tesla-870ff574debe3307,PRIME,2.0,immunogenicity,0.07206,higher,predicted,0.435,2.572,A0201
tesla-680f8ac3a0ef9f47,PRIME,2.0,immunogenicity,0.079385,higher,predicted,0.372,0.841,A0201
tesla-82fe38cdb498ef4e,PRIME,2.0,immunogenicity,0.040396,higher,predicted,0.979,1.171,A0201
tesla-488fbb6c195b50cf,PRIME,2.0,immunogenicity,0.011951,higher,predicted,3.357,5.022,A1101
tesla-39f79a604e86ec51,PRIME,2.0,immunogenicity,0.104397,higher,predicted,0.169,0.277,B2705
tesla-9ec3c4daae20bf1e,PRIME,2.0,immunogenicity,0.036148,higher,predicted,0.94,1.357,B2705
tesla-2ff8e385f1b61e52,PRIME,2.0,immunogenicity,0.008728,higher,predicted,5.327,8.507,A0201
tesla-58d6d7843dafc8e7,PRIME,2.0,immunogenicity,0.07712,higher,predicted,0.39,0.71,A0201
tesla-3bae7292109664bf,PRIME,2.0,immunogenicity,0.11321,higher,predicted,0.191,0.234,A0201
tesla-213e622b14a989c2,PRIME,2.0,immunogenicity,0.161288,higher,predicted,0.048,0.295,B4402
tesla-6e0f0b48718ff145,PRIME,2.0,immunogenicity,0.037043,higher,predicted,0.847,0.718,A1101
tesla-4df10d27bdbe5363,PRIME,2.0,immunogenicity,0.168849,higher,predicted,0.074,0.484,A0201
tesla-bb86bf68c08e0751,PRIME,2.0,immunogenicity,0.023215,higher,predicted,1.607,3.25,A1101
tesla-65b298954ee124e5,PRIME,2.0,immunogenicity,0.053198,higher,predicted,0.675,2.853,A0201
tesla-4f244b7fd0bba28a,PRIME,2.0,immunogenicity,0.183325,higher,predicted,0.057,0.163,A0201
tesla-af3cf43c46458c15,PRIME,2.0,immunogenicity,0.123278,higher,predicted,0.119,0.208,B2705
tesla-bc5e38248c727a53,PRIME,2.0,immunogenicity,0.171749,higher,predicted,0.051,0.297,B2705
tesla-893607445eff978d,PRIME,2.0,immunogenicity,0.220706,higher,predicted,0.021,0.027,B2705
tesla-50599d2695c34b24,PRIME,2.0,immunogenicity,0.023516,higher,predicted,1.703,1.21,B2705
tesla-d05881069f8cb92b,PRIME,2.0,immunogenicity,0.182248,higher,predicted,0.042,0.15,B2705
tesla-a4a84f223c699d2e,PRIME,2.0,immunogenicity,0.082539,higher,predicted,0.263,0.581,B2705
tesla-13e8c2c513146a41,PRIME,2.0,immunogenicity,0.033996,higher,predicted,0.957,2.494,A1101
tesla-31bc9124d6ead903,PRIME,2.0,immunogenicity,0.122873,higher,predicted,0.162,1.323,A0201
tesla-076da5179e881e07,PRIME,2.0,immunogenicity,0.155773,higher,predicted,0.062,0.072,A1101
tesla-d0ffa2653b412ba8,PRIME,2.0,immunogenicity,0.165172,higher,predicted,0.044,0.072,B4402
tesla-4659342a3c392e69,PRIME,2.0,immunogenicity,0.016187,higher,predicted,2.524,3.042,B4402
tesla-a204ab0dd59a3b03,PRIME,2.0,immunogenicity,0.124875,higher,predicted,0.157,0.42,A0201
tesla-0e479537c5873995,PRIME,2.0,immunogenicity,0.16254,higher,predicted,0.084,0.098,A0201
tesla-6e7520a72ef497a9,PRIME,2.0,immunogenicity,0.037877,higher,predicted,1.073,0.319,A0201
tesla-33b3bd20c15a56a5,PRIME,2.0,immunogenicity,0.15032,higher,predicted,0.101,0.11,A0201
tesla-63383b682eb2a0c8,PRIME,2.0,immunogenicity,0.045175,higher,predicted,0.847,0.774,A0201
tesla-12b2081c2b2b347e,PRIME,2.0,immunogenicity,0.072729,higher,predicted,0.429,0.782,A0201
tesla-1ca1e23adb877b28,PRIME,2.0,immunogenicity,0.084442,higher,predicted,0.335,0.373,A0201
tesla-0f55211d5beb939e,PRIME,2.0,immunogenicity,0.018891,higher,predicted,1.982,4.351,A1101
tesla-511424736753a653,PRIME,2.0,immunogenicity,0.024142,higher,predicted,1.536,5.27,A1101
tesla-acf3c8f0e4b822c1,PRIME,2.0,immunogenicity,0.007373,higher,predicted,6.023,2.701,B2705
tesla-7ebc2601e9937f74,PRIME,2.0,immunogenicity,0.013396,higher,predicted,3.462,1.56,A0201
tesla-a82f47712095e8a1,PRIME,2.0,immunogenicity,0.068706,higher,predicted,0.336,0.105,A1101
tesla-c6b830eaed639a73,PRIME,2.0,immunogenicity,0.052948,higher,predicted,0.537,0.373,B2705
tesla-3007b5fb49470cd5,PRIME,2.0,immunogenicity,0.10203,higher,predicted,0.168,0.088,A1101
tesla-ce70d5c6880688a9,PRIME,2.0,immunogenicity,0.173096,higher,predicted,0.068,0.162,A0201
tesla-b89f4510aaba90cb,PRIME,2.0,immunogenicity,0.341424,higher,predicted,0.001,0.001,A1101
tesla-a9e22f9801f5c782,PRIME,2.0,immunogenicity,0.040703,higher,predicted,0.742,0.943,A1101
tesla-0e7b6b45fd457aa9,PRIME,2.0,immunogenicity,0.149575,higher,predicted,0.068,0.074,A1101
tesla-398d7e1fa42a0acc,PRIME,2.0,immunogenicity,0.31744,higher,predicted,0.001,0.018,C0501
tesla-6ae7037c43b6009f,PRIME,2.0,immunogenicity,0.018728,higher,predicted,1.998,4.3,A1101
tesla-7137553b408d0932,PRIME,2.0,immunogenicity,0.078046,higher,predicted,0.383,0.117,A0201
tesla-efa147c7cc9a823b,PRIME,2.0,immunogenicity,0.015734,higher,predicted,2.909,0.787,A0201
tesla-64ec3ccf9d2b2b30,PRIME,2.0,immunogenicity,0.013151,higher,predicted,3.53,1.352,A0201
tesla-970a7357bf9b09ef,PRIME,2.0,immunogenicity,0.047006,higher,predicted,0.606,0.712,A1101
tesla-49ee2e7e8707c6ff,PRIME,2.0,immunogenicity,0.021838,higher,predicted,1.718,1.512,A1101
tesla-eddf97f50032e38f,PRIME,2.0,immunogenicity,0.02122,higher,predicted,1.77,3.032,A1101
tesla-fa3efc8901c472a8,PRIME,2.0,immunogenicity,0.180825,higher,predicted,0.059,0.152,A0201
tesla-938bc208ad1598d9,PRIME,2.0,immunogenicity,0.020129,higher,predicted,2.236,10.288,A0201
tesla-3670ee78d7b8417b,PRIME,2.0,immunogenicity,0.173762,higher,predicted,0.054,0.031,C0501
tesla-172f1a0dfb599fb4,PRIME,2.0,immunogenicity,0.22204,higher,predicted,0.021,0.035,C0501
tesla-fa15fe24fa5cb3a5,PRIME,2.0,immunogenicity,0.005292,higher,predicted,8.562,17.077,A0201
tesla-bd131cb9f753fddd,PRIME,2.0,immunogenicity,0.216393,higher,predicted,0.02,0.027,A1101
tesla-8c7cd7a32a5fdf1f,PRIME,2.0,immunogenicity,0.088124,higher,predicted,0.221,0.234,A1101
tesla-51fbc88348f9cb0f,PRIME,2.0,immunogenicity,0.060998,higher,predicted,0.409,0.14,A1101
tesla-2e51b31d99d00310,PRIME,2.0,immunogenicity,0.011559,higher,predicted,4,26.237,A0201
tesla-26e79b660ed988e2,PRIME,2.0,immunogenicity,0.026549,higher,predicted,1.673,4.168,A0201
tesla-914001b771974f7c,PRIME,2.0,immunogenicity,0.034814,higher,predicted,1.21,0.917,A0201
tesla-0999479f810e534c,PRIME,2.0,immunogenicity,0.024805,higher,predicted,1.791,1.047,A0201
tesla-f7e9d8e0a691fdaa,PRIME,2.0,immunogenicity,0.09812,higher,predicted,0.255,0.695,A0201
tesla-f353d7b1f328c9db,PRIME,2.0,immunogenicity,0.130039,higher,predicted,0.143,0.386,A0201
tesla-91077326e26e8cc7,PRIME,2.0,immunogenicity,0.030145,higher,predicted,1.453,2.39,A0201
tesla-ca5ebbe868a48bb0,PRIME,2.0,immunogenicity,0.150837,higher,predicted,0.073,0.098,B2705
tesla-7962fc391826ef19,PRIME,2.0,immunogenicity,0.042082,higher,predicted,0.707,2.624,A1101
tesla-8b03fc0bfa560b08,PRIME,2.0,immunogenicity,0.133856,higher,predicted,0.134,0.101,A0201
tesla-23a7245cfc7c630d,PRIME,2.0,immunogenicity,0.305983,higher,predicted,0.004,0.001,A0201
tesla-c6e12a1f50fc3c5b,PRIME,2.0,immunogenicity,0.306928,higher,predicted,0.003,0.008,A0201
tesla-3d1030c872228db9,PRIME,2.0,immunogenicity,0.139154,higher,predicted,0.123,0.448,A0201
tesla-f2567604d699585b,PRIME,2.0,immunogenicity,0.262425,higher,predicted,0.007,0.048,A0101
tesla-52ad29d394722cf5,PRIME,2.0,immunogenicity,0.123498,higher,predicted,0.11,0.397,A0101
tesla-a0f441a41c35139b,PRIME,2.0,immunogenicity,0.018074,higher,predicted,2.529,2.218,A0201
tesla-7622a4d4d16abcfb,PRIME,2.0,immunogenicity,0.153449,higher,predicted,0.097,0.028,A0201
tesla-8f4aff001134adba,PRIME,2.0,immunogenicity,0.017746,higher,predicted,2.579,0.935,A0201
tesla-b1eb61a63109d519,PRIME,2.0,immunogenicity,0.192344,higher,predicted,0.049,0.055,A0201
tesla-c47746dd40e549e8,PRIME,2.0,immunogenicity,0.127291,higher,predicted,0.15,0.08,A0201
tesla-3e22854f0db9b1d3,PRIME,2.0,immunogenicity,0.236463,higher,predicted,0.021,0.058,A0201
tesla-9005293d83ee600f,PRIME,2.0,immunogenicity,0.073276,higher,predicted,0.424,0.192,A0201
tesla-e515f3967f0e7152,PRIME,2.0,immunogenicity,0.245393,higher,predicted,0.017,0.001,A0201
tesla-30197803d25aedf2,PRIME,2.0,immunogenicity,0.060416,higher,predicted,0.564,0.283,A0201
tesla-84d82b10b844cd28,PRIME,2.0,immunogenicity,0.113833,higher,predicted,0.189,0.057,A0201
tesla-518a79d42a5c8012,PRIME,2.0,immunogenicity,0.138778,higher,predicted,0.124,0.033,A0201
tesla-302f50bd0860b998,PRIME,2.0,immunogenicity,0.236393,higher,predicted,0.021,0.008,A0201
tesla-f20d0cf73bb54eaf,PRIME,2.0,immunogenicity,0.041941,higher,predicted,0.935,0.503,A0201
tesla-002df903f1597c6a,PRIME,2.0,immunogenicity,0.030871,higher,predicted,1.412,1.339,A0201
tesla-02f5c575c30d3f3f,PRIME,2.0,immunogenicity,0.266885,higher,predicted,0.006,0.009,A0101
tesla-d2c97ff362558ec4,PRIME,2.0,immunogenicity,0.06984,higher,predicted,0.322,0.566,A0101
tesla-2aa49e53e54a9257,PRIME,2.0,immunogenicity,0.219225,higher,predicted,0.03,0.09,A0201
tesla-3e9e8acace5e0ed1,PRIME,2.0,immunogenicity,0.049715,higher,predicted,0.742,2.052,A0201
tesla-c010afedceec59f7,PRIME,2.0,immunogenicity,0.156051,higher,predicted,0.066,0.061,B5701
tesla-1399aa93f8c4b4d4,PRIME,2.0,immunogenicity,0.183233,higher,predicted,0.039,0.5,A0101
tesla-3570b3e86f24b307,PRIME,2.0,immunogenicity,0.154347,higher,predicted,0.095,0.079,A0201
tesla-abdc8e22eb8a6090,PRIME,2.0,immunogenicity,0.079827,higher,predicted,0.257,0.612,A0101
tesla-c2f49b98b2d4e291,PRIME,2.0,immunogenicity,0.010138,higher,predicted,4.597,2.477,A0201
tesla-899bc1097631e3d3,PRIME,2.0,immunogenicity,0.054618,higher,predicted,0.467,0.301,A0101
tesla-79df8a2357f51008,PRIME,2.0,immunogenicity,0.10532,higher,predicted,0.172,0.148,B5701
tesla-8c58e2dc1c37abab,PRIME,2.0,immunogenicity,0.168103,higher,predicted,0.05,0.009,A0101
tesla-cebbbcaf86a17c99,PRIME,2.0,immunogenicity,0.088641,higher,predicted,0.307,0.433,A0201
tesla-413c3a68c932c424,PRIME,2.0,immunogenicity,0.120439,higher,predicted,0.169,0.229,A0201
tesla-44f8a2f62f3dcedb,PRIME,2.0,immunogenicity,0.111203,higher,predicted,0.138,0.533,A0101
tesla-e7351108a11cd491,PRIME,2.0,immunogenicity,0.221327,higher,predicted,0.016,0.066,B5701
tesla-a96e43e004e9fb45,PRIME,2.0,immunogenicity,0.026163,higher,predicted,1.698,1.996,A0201
tesla-f596903dcbce8d17,PRIME,2.0,immunogenicity,0.077358,higher,predicted,0.388,1.007,A0201
tesla-6ec43521112e60dd,PRIME,2.0,immunogenicity,0.134763,higher,predicted,0.132,0.077,A0201
tesla-abfc583e4340d0d3,PRIME,2.0,immunogenicity,0.072515,higher,predicted,0.431,0.809,A0201
tesla-701547bae65e35fc,PRIME,2.0,immunogenicity,0.234147,higher,predicted,0.022,0.001,A0201
tesla-d30ba1fe7fcf7d87,PRIME,2.0,immunogenicity,0.017009,higher,predicted,2.695,0.992,A0201
tesla-2e1f1adaa2c3742d,PRIME,2.0,immunogenicity,0.104705,higher,predicted,0.224,1.518,A0201
tesla-a5d9aa9ff16f4ca2,PRIME,2.0,immunogenicity,0.253689,higher,predicted,0.014,0.005,A0201
tesla-ac874e5ad5d599f7,PRIME,2.0,immunogenicity,0.294315,higher,predicted,0.003,0.002,B5701
tesla-ca9517ed687aa79b,PRIME,2.0,immunogenicity,0.206311,higher,predicted,0.037,0.328,A0201
tesla-fe23039966c3825a,PRIME,2.0,immunogenicity,0.236564,higher,predicted,0.011,0.013,B5701
tesla-d3c1f6692f9408bd,PRIME,2.0,immunogenicity,0.037848,higher,predicted,1.074,2.038,A0201
tesla-e92b04b2f83ad99d,PRIME,2.0,immunogenicity,0.004506,higher,predicted,9.877,9.362,A0201
tesla-bb0ddaaa753d2683,PRIME,2.0,immunogenicity,0.144639,higher,predicted,0.112,0.091,A0201
tesla-0bffdd09664c54fe,PRIME,2.0,immunogenicity,0.039188,higher,predicted,1.019,1.594,A0201
tesla-d9fa058b1d782127,PRIME,2.0,immunogenicity,0.226003,higher,predicted,0.015,0.002,A0101
tesla-0aafacd1338dac1f,PRIME,2.0,immunogenicity,0.182832,higher,predicted,0.057,0.105,A0201
tesla-cd491fe33e49da3f,PRIME,2.0,immunogenicity,0.079858,higher,predicted,0.369,0.164,A0201
tesla-48a3cd1dc67a809d,PRIME,2.0,immunogenicity,0.027009,higher,predicted,1.643,0.839,A0201
tesla-5c160c0ded770b0a,PRIME,2.0,immunogenicity,0.065934,higher,predicted,0.498,0.304,A0201
tesla-6d5eb855b68e8e1c,PRIME,2.0,immunogenicity,0.115007,higher,predicted,0.186,0.355,A0201
tesla-542ef15283a25dc9,PRIME,2.0,immunogenicity,0.059974,higher,predicted,0.57,0.406,A0201
tesla-8e18ef2819cc189f,PRIME,2.0,immunogenicity,0.05057,higher,predicted,0.725,0.266,A0201
tesla-812126bd809d38d8,PRIME,2.0,immunogenicity,0.086602,higher,predicted,0.32,0.668,A0201
tesla-758f9d67824b13e6,PRIME,2.0,immunogenicity,0.085191,higher,predicted,0.33,0.247,A0201
tesla-5e1d378a305e2caa,PRIME,2.0,immunogenicity,0.090993,higher,predicted,0.293,0.233,A0201
tesla-13218e5b4464c5ef,PRIME,2.0,immunogenicity,0.11061,higher,predicted,0.2,0.193,A0201
tesla-72fcb7e9d88bcc9e,PRIME,2.0,immunogenicity,0.18265,higher,predicted,0.04,0.056,A0101
tesla-482854d049a49b82,PRIME,2.0,immunogenicity,0.102306,higher,predicted,0.183,0.066,B5701
tesla-e693c49865f8f7db,PRIME,2.0,immunogenicity,0.292173,higher,predicted,0.003,0.001,A0101
tesla-9dcd2367716328b5,PRIME,2.0,immunogenicity,0.289186,higher,predicted,0.003,0.081,A0101
tesla-97d8322c57784c06,PRIME,2.0,immunogenicity,0.036702,higher,predicted,1.124,2.847,A0201
tesla-58bffe7f350a1f34,PRIME,2.0,immunogenicity,0.313905,higher,predicted,0.001,0.014,A0101
tesla-0ffcf1359cafb080,PRIME,2.0,immunogenicity,0.124498,higher,predicted,0.158,0.446,A0201
tesla-b2d20c6a720d4df9,PRIME,2.0,immunogenicity,0.249654,higher,predicted,0.008,0.017,A0101
tesla-730d6b5b4fa4e8b9,PRIME,2.0,immunogenicity,0.287532,higher,predicted,0.006,0.013,A0201
tesla-c403cd5f62d7cd8a,PRIME,2.0,immunogenicity,0.017032,higher,predicted,2.691,4.274,A0201
tesla-60a0f2c4fc133585,PRIME,2.0,immunogenicity,0.026256,higher,predicted,1.292,5.382,A0101
tesla-5203cefdbf15c1f3,PRIME,2.0,immunogenicity,0.074751,higher,predicted,0.41,0.647,A0201
tesla-8053cd87ef16777c,PRIME,2.0,immunogenicity,0.041531,higher,predicted,0.946,0.393,A0201
tesla-a8b5e9f61ba48d60,PRIME,2.0,immunogenicity,0.059673,higher,predicted,0.574,1.595,A0201
tesla-7ac2020f9181a898,PRIME,2.0,immunogenicity,0.236848,higher,predicted,0.011,0.008,B5701
tesla-0fca81ace0ceac20,PRIME,2.0,immunogenicity,0.202756,higher,predicted,0.039,0.093,A0201
tesla-0351df9d0257e2d0,PRIME,2.0,immunogenicity,0.037964,higher,predicted,1.07,0.218,A0201
tesla-7e9e2704939136b5,PRIME,2.0,immunogenicity,0.100246,higher,predicted,0.245,0.466,A0201
tesla-d16f90f15d17f677,PRIME,2.0,immunogenicity,0.125969,higher,predicted,0.105,0.289,A0101
tesla-e77fdf5d5f36a7a0,PRIME,2.0,immunogenicity,0.205151,higher,predicted,0.038,0.049,A0201
tesla-960de04fb7813ba5,PRIME,2.0,immunogenicity,0.019288,higher,predicted,2.351,3.974,A0201
tesla-b0ecd6bb66b3830f,PRIME,2.0,immunogenicity,0.166077,higher,predicted,0.079,0.067,A0201
tesla-43ca8ac4eb634d30,PRIME,2.0,immunogenicity,0.079773,higher,predicted,0.369,0.114,A0201
tesla-367560a2be7ddd62,PRIME,2.0,immunogenicity,0.164859,higher,predicted,0.081,0.674,A0201
tesla-691bf8ab05da8630,PRIME,2.0,immunogenicity,0.091413,higher,predicted,0.291,1.052,A0201
tesla-107b9f6d81604fbc,PRIME,2.0,immunogenicity,0.194714,higher,predicted,0.032,0.035,A0101
tesla-943080cfe0f42167,PRIME,2.0,immunogenicity,0.01774,higher,predicted,2.58,0.698,A0201
tesla-88826e30ecbfb925,PRIME,2.0,immunogenicity,0.173343,higher,predicted,0.068,0.113,A0201
tesla-0f6b8bf837930ba5,PRIME,2.0,immunogenicity,0.081672,higher,predicted,0.355,0.286,A0201
tesla-5d89e995634832c4,PRIME,2.0,immunogenicity,0.102852,higher,predicted,0.233,0.295,A0201
tesla-f0566689b5917202,PRIME,2.0,immunogenicity,0.018052,higher,predicted,2.532,1.514,A0201
tesla-8cf0202e666a5899,PRIME,2.0,immunogenicity,0.152603,higher,predicted,0.098,0.03,A0201
tesla-16d9b2aa10f5924b,PRIME,2.0,immunogenicity,0.020123,higher,predicted,2.237,5.713,A0201
tesla-b3227ba01ef20171,PRIME,2.0,immunogenicity,0.042284,higher,predicted,0.925,1.528,A0201
tesla-00bc6f2cac299c83,PRIME,2.0,immunogenicity,0.006242,higher,predicted,6.293,2.287,A0101
tesla-09c75dda68cce6a4,PRIME,2.0,immunogenicity,0.260129,higher,predicted,0.006,0.009,A0301
tesla-390e545bf66addec,PRIME,2.0,immunogenicity,0.042073,higher,predicted,0.791,0.471,B0801
tesla-6c12208bc4d61b26,PRIME,2.0,immunogenicity,0.208887,higher,predicted,0.019,0.001,A0301
tesla-0415b3021b9b7288,PRIME,2.0,immunogenicity,0.272348,higher,predicted,0.004,0.005,A0301
tesla-b9c11fd22640f12f,PRIME,2.0,immunogenicity,0.165774,higher,predicted,0.046,0.185,A0301
tesla-550c640a5a7f92dc,PRIME,2.0,immunogenicity,0.215149,higher,predicted,0.02,0.09,A0101
tesla-e92b6a3eb739c310,PRIME,2.0,immunogenicity,0.158871,higher,predicted,0.06,0.088,A0101
tesla-84e77c8fbfb0b078,PRIME,2.0,immunogenicity,0.156128,higher,predicted,0.055,0.303,A0301
tesla-c0b217f6478ca11f,PRIME,2.0,immunogenicity,0.091169,higher,predicted,0.185,0.312,A0301
tesla-bacd3de6f5da5444,PRIME,2.0,immunogenicity,0.056075,higher,predicted,0.415,1.667,A0301
tesla-18b5e2d9169bd816,PRIME,2.0,immunogenicity,0.029088,higher,predicted,1.036,5.854,A0301
tesla-b0c6d603ac92feac,PRIME,2.0,immunogenicity,0.258602,higher,predicted,0.008,0.005,B0801
tesla-cf7df873a0a40972,PRIME,2.0,immunogenicity,0.299413,higher,predicted,0.002,0.003,A0101
tesla-b088aab9567f48df,PRIME,2.0,immunogenicity,0.222162,higher,predicted,0.02,0.006,B0801
tesla-db7f5803dda8e56f,PRIME,2.0,immunogenicity,0.327735,higher,predicted,0.001,0.001,B0801
tesla-c25f4d4c3360ae73,PRIME,2.0,immunogenicity,0.243416,higher,predicted,0.011,0.07,B0801
tesla-0d75c0484ddeea63,PRIME,2.0,immunogenicity,0.335438,higher,predicted,0.001,0.002,A0101
tesla-fa5a4a5cd6442e3c,PRIME,2.0,immunogenicity,0.151575,higher,predicted,0.068,0.225,A0101
tesla-ea6eeeb4b8acfcc0,PRIME,2.0,immunogenicity,0.108142,higher,predicted,0.166,0.404,B0801
tesla-d7de1007771a3ab0,PRIME,2.0,immunogenicity,0.177542,higher,predicted,0.045,0.063,B0801
tesla-ebefda3a7389c450,PRIME,2.0,immunogenicity,0.186211,higher,predicted,0.037,0.039,A0101
tesla-88d5e7ee0509713d,PRIME,2.0,immunogenicity,0.16384,higher,predicted,0.054,0.031,A0101
tesla-8ada7f3373db5143,PRIME,2.0,immunogenicity,0.08522,higher,predicted,0.229,0.088,A0101
tesla-f6b819e353c537a1,PRIME,2.0,immunogenicity,0.168412,higher,predicted,0.05,0.027,A0101
tesla-b11672d0e5180e77,PRIME,2.0,immunogenicity,0.102374,higher,predicted,0.163,0.04,A0101
tesla-9947ed60df2d48ec,PRIME,2.0,immunogenicity,0.021814,higher,predicted,1.625,2.311,A0101
tesla-198cba0deae93143,PRIME,2.0,immunogenicity,0.157452,higher,predicted,0.054,0.135,A0301
tesla-d809c92e22a12a35,PRIME,2.0,immunogenicity,0.057219,higher,predicted,0.402,0.345,A0301
tesla-56fd1cee9e887221,PRIME,2.0,immunogenicity,0.102481,higher,predicted,0.149,0.32,A0301
tesla-3b6fda9fd92a20a6,PRIME,2.0,immunogenicity,0.236737,higher,predicted,0.013,0.041,B0801
tesla-7db8d48d3803c539,PRIME,2.0,immunogenicity,0.168327,higher,predicted,0.043,0.009,A0301
tesla-aa9f1ed82c7fb51d,PRIME,2.0,immunogenicity,0.079545,higher,predicted,0.237,0.063,A0301
tesla-f08ce9be7f64f683,PRIME,2.0,immunogenicity,0.062567,higher,predicted,0.351,0.984,A0301
tesla-2f6e852426eb8236,PRIME,2.0,immunogenicity,0.157207,higher,predicted,0.062,0.085,A0101
tesla-a9e85c51d7cb5e1d,PRIME,2.0,immunogenicity,0.086119,higher,predicted,0.205,1.765,A0301
tesla-1c69da6d92bd81b0,PRIME,2.0,immunogenicity,0.049586,higher,predicted,0.497,0.825,A0301
tesla-804d1b5488a55314,PRIME,2.0,immunogenicity,0.067318,higher,predicted,0.311,0.152,A0301
tesla-c25c16aa479c60a2,PRIME,2.0,immunogenicity,0.114361,higher,predicted,0.118,0.177,A0301
tesla-4a41be41cf77f4c1,PRIME,2.0,immunogenicity,0.18024,higher,predicted,0.034,0.008,A0301
tesla-60a0cfb066a9c260,PRIME,2.0,immunogenicity,0.050166,higher,predicted,0.489,0.834,A0301
tesla-dc307fa306395f7e,PRIME,2.0,immunogenicity,0.211499,higher,predicted,0.018,0.005,A0301
tesla-bf47b0d472ab8c4a,PRIME,2.0,immunogenicity,0.063802,higher,predicted,0.34,0.066,A0301
tesla-1a4235496b8dee6b,PRIME,2.0,immunogenicity,0.105152,higher,predicted,0.141,0.212,A0301
tesla-9ce1f67d6f5ad9b2,PRIME,2.0,immunogenicity,0.071916,higher,predicted,0.28,0.013,A0301
tesla-df51da780ddc3949,PRIME,2.0,immunogenicity,0.282662,higher,predicted,0.003,0.012,A0301
tesla-d83a5bb5077834c5,PRIME,2.0,immunogenicity,0.068339,higher,predicted,0.303,0.159,A0301
tesla-5289a043c21801c3,PRIME,2.0,immunogenicity,0.015393,higher,predicted,2.248,1.106,A0301
tesla-2a7e2c5d6cd56daa,PRIME,2.0,immunogenicity,0.084283,higher,predicted,0.214,0.23,A0301
tesla-99df28dcdc7c6017,PRIME,2.0,immunogenicity,0.178925,higher,predicted,0.042,0.003,A0101
tesla-3c24dab72dee4d87,PRIME,2.0,immunogenicity,0.212953,higher,predicted,0.021,0.145,A0101
tesla-9b826e9d1c6f1b94,PRIME,2.0,immunogenicity,0.084051,higher,predicted,0.215,0.231,A0301
tesla-a2a3770950156380,PRIME,2.0,immunogenicity,0.077419,higher,predicted,0.317,0.12,B0801
tesla-01eea576f0a535bb,PRIME,2.0,immunogenicity,0.104833,higher,predicted,0.177,0.351,B0801
tesla-5c203171205a1c86,PRIME,2.0,immunogenicity,0.222271,higher,predicted,0.016,0.065,A0101
tesla-72584ffd003ede92,PRIME,2.0,immunogenicity,0.071894,higher,predicted,0.361,0.138,B0801
tesla-38ef878428053ffb,PRIME,2.0,immunogenicity,0.154614,higher,predicted,0.068,0.247,B0801
tesla-386365e5fc59a831,PRIME,2.0,immunogenicity,0.092174,higher,predicted,0.197,0.462,A0101
tesla-24a69c1924adcbe3,PRIME,2.0,immunogenicity,0.222485,higher,predicted,0.019,0.038,B0801
tesla-958d2c6428d278fe,PRIME,2.0,immunogenicity,0.232521,higher,predicted,0.015,0.017,B0801
tesla-66e04f77cad9d6f0,PRIME,2.0,immunogenicity,0.086054,higher,predicted,0.205,0.136,A0301
tesla-02322e4968bedf33,PRIME,2.0,immunogenicity,0.024634,higher,predicted,1.317,0.625,A0301
tesla-6e7a48174013cfcd,PRIME,2.0,immunogenicity,0.341416,higher,predicted,0.001,0.001,A0301
tesla-55a9c95ade8a24b9,PRIME,2.0,immunogenicity,0.093277,higher,predicted,0.178,0.161,A0301
tesla-bc5911bd9ab9aaaf,PRIME,2.0,immunogenicity,0.145687,higher,predicted,0.067,0.014,A0301
tesla-7976ecc1d2c0a15c,PRIME,2.0,immunogenicity,0.023553,higher,predicted,1.671,0.636,B0801
tesla-7aaea6001247b62e,PRIME,2.0,immunogenicity,0.124517,higher,predicted,0.097,0.079,A0301
tesla-dea8cba08fb3b7f3,PRIME,2.0,immunogenicity,0.154034,higher,predicted,0.065,0.123,A0101
tesla-9d3b734f919d15cc,PRIME,2.0,immunogenicity,0.152669,higher,predicted,0.059,0.793,A0301
tesla-e2b007b20c3aed3e,PRIME,2.0,immunogenicity,0.172637,higher,predicted,0.04,0.068,A0301
tesla-773775992758861d,PRIME,2.0,immunogenicity,0.103616,higher,predicted,0.145,0.617,A0301
tesla-afe63a1aadefd48e,PRIME,2.0,immunogenicity,0.174263,higher,predicted,0.038,0.007,A0301
tesla-fd6b15e3ae376003,PRIME,2.0,immunogenicity,0.144475,higher,predicted,0.069,0.05,A0301
tesla-9e6bceb3b6e70e70,PRIME,2.0,immunogenicity,0.170428,higher,predicted,0.042,0.071,A0301
tesla-cd4bbdb2eb642ffd,PRIME,2.0,immunogenicity,0.14513,higher,predicted,0.082,0.228,B0801
tesla-9116022f628d089d,PRIME,2.0,immunogenicity,0.271234,higher,predicted,0.005,0.006,A0301
tesla-70d138a9bfb6c219,PRIME,2.0,immunogenicity,0.157925,higher,predicted,0.061,0.066,A0101
tesla-08e75c07de7a0d0d,PRIME,2.0,immunogenicity,0.22997,higher,predicted,0.016,0.029,B0801
tesla-a078fc1bc09ce8b8,PRIME,2.0,immunogenicity,0.166548,higher,predicted,0.055,0.083,B0801
tesla-3c806228cf7fafcb,PRIME,2.0,immunogenicity,0.248987,higher,predicted,0.008,0.04,A0101
tesla-31ecfe867b7d89f1,PRIME,2.0,immunogenicity,0.219554,higher,predicted,0.018,0.105,A0101
tesla-efb705bd7510a1a6,PRIME,2.0,immunogenicity,0.100448,higher,predicted,0.193,0.162,B0801
tesla-8d3e474a86832f04,PRIME,2.0,immunogenicity,0.03289,higher,predicted,0.884,0.386,A0301
tesla-ec7b81c319eec0f2,PRIME,2.0,immunogenicity,0.055443,higher,predicted,0.422,1.033,A0301
tesla-e04d58aeec014259,PRIME,2.0,immunogenicity,0.232664,higher,predicted,0.012,0.001,A0101
