predictor,hla,n,positives,patients,studies,supported_for_interpretation,auroc,average_precision
MHCflurry,HLA-A*01:01,792,50,20,3,1,0.5249865229110512,0.12500797475776637
MHCflurry,HLA-A*02:01,1544,42,26,3,1,0.6060332255405491,0.039195536182250745
MHCflurry,HLA-A*02:05,70,1,1,1,0,0.5797101449275363,0.03333333333333333
MHCflurry,HLA-A*03:01,1242,13,20,3,1,0.48288164236089376,0.026667926203439028
MHCflurry,HLA-A*11:01,431,12,6,3,1,0.6276849642004774,0.08174489348167263
MHCflurry,HLA-A*24:02,912,31,14,3,1,0.45234520889019075,0.03376560569673542
MHCflurry,HLA-A*26:01,551,11,6,3,1,0.5351851851851852,0.023166675322535277
MHCflurry,HLA-A*30:01,276,8,4,3,1,0.8698694029850746,0.16705244252732382
MHCflurry,HLA-A*30:02,62,0,1,1,0,,
MHCflurry,HLA-A*31:01,602,13,4,2,1,0.44730312132689043,0.0209342498333728
MHCflurry,HLA-A*32:01,342,7,4,1,1,0.5471215351812366,0.028157746188660307
MHCflurry,HLA-A*68:01,194,5,4,2,1,0.6232804232804233,0.06441020350092835
MHCflurry,HLA-B*07:02,1776,26,20,3,1,0.5634945054945055,0.018637549256755512
MHCflurry,HLA-B*08:01,853,16,14,3,1,0.5604091995221028,0.059450685762610485
MHCflurry,HLA-B*13:02,114,2,4,2,0,0.09821428571428571,0.014484467314655993
MHCflurry,HLA-B*15:01,238,12,5,2,1,0.7186578171091446,0.18713259199379118
MHCflurry,HLA-B*18:01,229,3,3,2,1,0.6415929203539823,0.06352687273739904
MHCflurry,HLA-B*27:05,354,10,6,3,1,0.5729651162790698,0.09384099424093197
MHCflurry,HLA-B*35:01,444,10,10,3,1,0.5320276497695853,0.025175946391970593
MHCflurry,HLA-B*35:03,199,6,3,2,1,0.5578583765112263,0.037178882796371375
MHCflurry,HLA-B*37:01,30,1,1,1,0,0.6551724137931034,0.09090909090909091
MHCflurry,HLA-B*38:01,681,15,5,2,1,0.44224224224224223,0.04174227070294039
MHCflurry,HLA-B*40:01,798,38,13,3,1,0.5176419667590028,0.05298537445800701
MHCflurry,HLA-B*40:02,193,5,3,2,1,0.548936170212766,0.03493062510830648
MHCflurry,HLA-B*44:02,589,4,9,3,1,0.510042735042735,0.026970834778992325
MHCflurry,HLA-B*44:03,301,8,6,3,1,0.4735494880546075,0.037727589088023636
MHCflurry,HLA-B*44:05,45,0,1,1,0,,
MHCflurry,HLA-B*51:01,206,6,4,2,1,0.6825,0.10365263264893734
MHCflurry,HLA-B*57:01,38,0,1,1,0,,
MHCflurry,HLA-C*02:02,515,0,7,1,0,,
MHCflurry,HLA-C*03:04,442,14,11,2,1,0.6595460614152203,0.08256208972407943
MHCflurry,HLA-C*04:01,665,16,14,2,1,0.48651771956856704,0.029530568123147298
MHCflurry,HLA-C*05:01,25,0,1,1,0,,
MHCflurry,HLA-C*06:02,368,33,7,2,1,0.5740388964269562,0.1246843570802755
MHCflurry,HLA-C*07:01,900,26,13,2,1,0.5039165639852139,0.031594157320629174
MHCflurry,HLA-C*07:02,454,21,10,2,1,0.526668866160783,0.05536436628753745
BigMHC,HLA-A*01:01,792,50,20,3,1,0.6161725067385445,0.13201756153009309
BigMHC,HLA-A*02:01,1544,42,26,3,1,0.6125324963540676,0.050247863615242874
BigMHC,HLA-A*02:05,70,1,1,1,0,0.3188405797101449,0.020833333333333332
BigMHC,HLA-A*03:01,1242,13,20,3,1,0.5519809726481818,0.012464520978825507
BigMHC,HLA-A*11:01,431,12,6,3,1,0.6575178997613366,0.060489276673994785
BigMHC,HLA-A*24:02,912,31,14,3,1,0.5481674050748783,0.058369097727579124
BigMHC,HLA-A*26:01,551,11,6,3,1,0.6526936026936027,0.046699879723338646
BigMHC,HLA-A*30:01,276,8,4,3,1,0.6693097014925373,0.04860636482294442
BigMHC,HLA-A*30:02,62,0,1,1,0,,
BigMHC,HLA-A*31:01,602,13,4,2,1,0.490531539767533,0.023152071564132598
BigMHC,HLA-A*32:01,342,7,4,1,1,0.5083155650319829,0.024383165773702763
BigMHC,HLA-A*68:01,194,5,4,2,1,0.8645502645502645,0.10202913279132791
BigMHC,HLA-B*07:02,1776,26,20,3,1,0.6302857142857143,0.039475770286466365
BigMHC,HLA-B*08:01,853,16,14,3,1,0.49372759856630827,0.023578955688750382
BigMHC,HLA-B*13:02,114,2,4,2,0,0.5446428571428571,0.027818717759764185
BigMHC,HLA-B*15:01,238,12,5,2,1,0.6150442477876106,0.09806354800904668
BigMHC,HLA-B*18:01,229,3,3,2,1,0.34513274336283184,0.012906133469844566
BigMHC,HLA-B*27:05,354,10,6,3,1,0.6302325581395349,0.04559891277152843
BigMHC,HLA-B*35:01,444,10,10,3,1,0.46889400921658986,0.023924140479838294
BigMHC,HLA-B*35:03,199,6,3,2,1,0.5302245250431779,0.21146624451294205
BigMHC,HLA-B*37:01,30,1,1,1,0,0.8275862068965517,0.16666666666666666
BigMHC,HLA-B*38:01,681,15,5,2,1,0.4878878878878879,0.033448745541154325
BigMHC,HLA-B*40:01,798,38,13,3,1,0.5766793628808864,0.06505058624815598
BigMHC,HLA-B*40:02,193,5,3,2,1,0.5287234042553192,0.03511491711888598
BigMHC,HLA-B*44:02,589,4,9,3,1,0.42756410256410254,0.008439440173155444
BigMHC,HLA-B*44:03,301,8,6,3,1,0.4718430034129693,0.030963167961127795
BigMHC,HLA-B*44:05,45,0,1,1,0,,
BigMHC,HLA-B*51:01,206,6,4,2,1,0.6458333333333334,0.156750269514447
BigMHC,HLA-B*57:01,38,0,1,1,0,,
BigMHC,HLA-C*02:02,515,0,7,1,0,,
BigMHC,HLA-C*03:04,442,14,11,2,1,0.5467289719626168,0.1538001043070478
BigMHC,HLA-C*04:01,665,16,14,2,1,0.5671224961479199,0.08942079100720603
BigMHC,HLA-C*05:01,25,0,1,1,0,,
BigMHC,HLA-C*06:02,368,33,7,2,1,0.5986431478968792,0.1571884726992064
BigMHC,HLA-C*07:01,900,26,13,2,1,0.5910931174089069,0.0517346032695163
BigMHC,HLA-C*07:02,454,21,10,2,1,0.5013746838227208,0.05495076676666087
PRIME,HLA-A*01:01,792,50,20,3,1,0.5668733153638814,0.14160776323940133
PRIME,HLA-A*02:01,1544,42,26,3,1,0.663654809460402,0.050970933643900145
PRIME,HLA-A*02:05,70,1,1,1,0,0.8695652173913043,0.1
PRIME,HLA-A*03:01,1242,13,20,3,1,0.48331977217249794,0.012283184956308684
PRIME,HLA-A*11:01,431,12,6,3,1,0.7448289578361177,0.10496801146368206
PRIME,HLA-A*24:02,912,31,14,3,1,0.5422723444765846,0.04421372430682377
PRIME,HLA-A*26:01,551,11,6,3,1,0.7447811447811448,0.051742321436457614
PRIME,HLA-A*30:01,276,8,4,3,1,0.8059701492537313,0.0940181572003293
PRIME,HLA-A*30:02,62,0,1,1,0,,
PRIME,HLA-A*31:01,602,13,4,2,1,0.5502154890949458,0.028244998940430067
PRIME,HLA-A*32:01,342,7,4,1,1,0.3795309168443497,0.019247483772301108
PRIME,HLA-A*68:01,194,5,4,2,1,0.780952380952381,0.10478537523840656
PRIME,HLA-B*07:02,1776,26,20,3,1,0.6497692307692308,0.04723887575759523
PRIME,HLA-B*08:01,853,16,14,3,1,0.6131645758661888,0.07524472459742323
PRIME,HLA-B*13:02,114,2,4,2,0,0.3482142857142857,0.019657808518383692
PRIME,HLA-B*15:01,238,12,5,2,1,0.7385693215339233,0.11270942847910363
PRIME,HLA-B*18:01,229,3,3,2,1,0.5221238938053098,0.02519893713726313
PRIME,HLA-B*27:05,354,10,6,3,1,0.7011627906976744,0.07405582484048738
PRIME,HLA-B*35:01,444,10,10,3,1,0.6488479262672812,0.038532580055618784
PRIME,HLA-B*35:03,199,6,3,2,1,0.5708117443868739,0.052438105588676155
PRIME,HLA-B*37:01,30,1,1,1,0,0.06896551724137931,0.03571428571428571
PRIME,HLA-B*38:01,681,15,5,2,1,0.5646646646646647,0.03487649836122235
PRIME,HLA-B*40:01,798,38,13,3,1,0.5604397506925207,0.05485304540146203
PRIME,HLA-B*40:02,193,5,3,2,1,0.7340425531914894,0.06786750591491451
PRIME,HLA-B*44:02,589,4,9,3,1,0.5903846153846154,0.049388235656242306
PRIME,HLA-B*44:03,301,8,6,3,1,0.5302901023890785,0.03798030126441941
PRIME,HLA-B*44:05,45,0,1,1,0,,
PRIME,HLA-B*51:01,206,6,4,2,1,0.5983333333333334,0.12082172617672363
PRIME,HLA-B*57:01,38,0,1,1,0,,
PRIME,HLA-C*02:02,515,0,7,1,0,,
PRIME,HLA-C*03:04,442,14,11,2,1,0.7294726301735648,0.15461305160127173
PRIME,HLA-C*04:01,665,16,14,2,1,0.5201271186440678,0.04908499521134108
PRIME,HLA-C*05:01,25,0,1,1,0,,
PRIME,HLA-C*06:02,368,33,7,2,1,0.6370872908186341,0.11785531510553829
PRIME,HLA-C*07:01,900,26,13,2,1,0.5868685090653054,0.04755484629082256
PRIME,HLA-C*07:02,454,21,10,2,1,0.47926976795337073,0.07986226068577648
