record_id,predictor,predictor_version,task,score,score_direction,status,split_unit,held_out_group
tesla-616f27a10aa0f05f,HLA-only LOPO,1.0,immunogenicity_lopo,0.0836647518044,higher,predicted,patient_id,TESLA-1
tesla-f2dcca675aedb8d9,HLA-only LOPO,1.0,immunogenicity_lopo,0.0836647518044,higher,predicted,patient_id,TESLA-1
tesla-aaa94ca70f0c0a65,HLA-only LOPO,1.0,immunogenicity_lopo,0.0262491846053,higher,predicted,patient_id,TESLA-1
tesla-2a07c22ef7cba611,HLA-only LOPO,1.0,immunogenicity_lopo,0.0262491846053,higher,predicted,patient_id,TESLA-1
tesla-8c5ece8252b99aa7,HLA-only LOPO,1.0,immunogenicity_lopo,0.0262491846053,higher,predicted,patient_id,TESLA-1
tesla-4b12f50397023800,HLA-only LOPO,1.0,immunogenicity_lopo,0.0262491846053,higher,predicted,patient_id,TESLA-1
tesla-002a691a3e3cd93b,HLA-only LOPO,1.0,immunogenicity_lopo,0.0593607305936,higher,predicted,patient_id,TESLA-1
tesla-3bb52604654d65a5,HLA-only LOPO,1.0,immunogenicity_lopo,0.0262491846053,higher,predicted,patient_id,TESLA-1
tesla-6a90e2fbfe007e02,HLA-only LOPO,1.0,immunogenicity_lopo,0.0593607305936,higher,predicted,patient_id,TESLA-1
tesla-0560014b5277bae4,HLA-only LOPO,1.0,immunogenicity_lopo,0.0593607305936,higher,predicted,patient_id,TESLA-1
tesla-41434cd8ade6f2e5,HLA-only LOPO,1.0,immunogenicity_lopo,0.0836647518044,higher,predicted,patient_id,TESLA-1
tesla-6ac7e4f40ed372b5,HLA-only LOPO,1.0,immunogenicity_lopo,0.0836647518044,higher,predicted,patient_id,TESLA-1
tesla-3438dd9a2f8537cc,HLA-only LOPO,1.0,immunogenicity_lopo,0.0836647518044,higher,predicted,patient_id,TESLA-1
tesla-abd287fe778ca178,HLA-only LOPO,1.0,immunogenicity_lopo,0.0836647518044,higher,predicted,patient_id,TESLA-1
tesla-d876d75dcd17e205,HLA-only LOPO,1.0,immunogenicity_lopo,0.0593607305936,higher,predicted,patient_id,TESLA-1
tesla-21b1e02f2206dc6c,HLA-only LOPO,1.0,immunogenicity_lopo,0.0262491846053,higher,predicted,patient_id,TESLA-1
tesla-b1ce97b5544c383d,HLA-only LOPO,1.0,immunogenicity_lopo,0.0593607305936,higher,predicted,patient_id,TESLA-1
tesla-674c45dad6c7db3e,HLA-only LOPO,1.0,immunogenicity_lopo,0.0593607305936,higher,predicted,patient_id,TESLA-1
tesla-116e5eb351521276,HLA-only LOPO,1.0,immunogenicity_lopo,0.0593607305936,higher,predicted,patient_id,TESLA-1
tesla-27cc5024bdc42cde,HLA-only LOPO,1.0,immunogenicity_lopo,0.0593607305936,higher,predicted,patient_id,TESLA-1
tesla-8f0e99e949133f17,HLA-only LOPO,1.0,immunogenicity_lopo,0.0262491846053,higher,predicted,patient_id,TESLA-1
tesla-82e45c203a3bcfc7,HLA-only LOPO,1.0,immunogenicity_lopo,0.0262491846053,higher,predicted,patient_id,TESLA-1
tesla-25d2eff6bdee7d10,HLA-only LOPO,1.0,immunogenicity_lopo,0.0262491846053,higher,predicted,patient_id,TESLA-1
tesla-a5a1c8d48997afb2,HLA-only LOPO,1.0,immunogenicity_lopo,0.0262491846053,higher,predicted,patient_id,TESLA-1
tesla-da4640a408388083,HLA-only LOPO,1.0,immunogenicity_lopo,0.0593607305936,higher,predicted,patient_id,TESLA-1
tesla-336997ed4cf1d67d,HLA-only LOPO,1.0,immunogenicity_lopo,0.0593607305936,higher,predicted,patient_id,TESLA-1
tesla-e7d4e259d51c103a,HLA-only LOPO,1.0,immunogenicity_lopo,0.0262491846053,higher,predicted,patient_id,TESLA-1
tesla-83dc7d0223c0fa2a,HLA-only LOPO,1.0,immunogenicity_lopo,0.0593607305936,higher,predicted,patient_id,TESLA-1
tesla-fe561a9591e09d2d,HLA-only LOPO,1.0,immunogenicity_lopo,0.0593607305936,higher,predicted,patient_id,TESLA-1
tesla-01fb1dcf2e5db5ba,HLA-only LOPO,1.0,immunogenicity_lopo,0.0262491846053,higher,predicted,patient_id,TESLA-1
tesla-736fbb66baa1e5f3,HLA-only LOPO,1.0,immunogenicity_lopo,0.0262491846053,higher,predicted,patient_id,TESLA-1
tesla-0a4a6459a0de4168,HLA-only LOPO,1.0,immunogenicity_lopo,0.0593607305936,higher,predicted,patient_id,TESLA-1
tesla-a74e5cd3483401b9,HLA-only LOPO,1.0,immunogenicity_lopo,0.0262491846053,higher,predicted,patient_id,TESLA-1
tesla-7d00c11e73b47e7f,HLA-only LOPO,1.0,immunogenicity_lopo,0.0836647518044,higher,predicted,patient_id,TESLA-1
tesla-762d858f10d3866b,HLA-only LOPO,1.0,immunogenicity_lopo,0.0836647518044,higher,predicted,patient_id,TESLA-1
tesla-b4938af023ea1673,HLA-only LOPO,1.0,immunogenicity_lopo,0.0836647518044,higher,predicted,patient_id,TESLA-1
tesla-17680e7afc1bea93,HLA-only LOPO,1.0,immunogenicity_lopo,0.0836647518044,higher,predicted,patient_id,TESLA-1
tesla-2233326548b61aa6,HLA-only LOPO,1.0,immunogenicity_lopo,0.0262491846053,higher,predicted,patient_id,TESLA-1
tesla-ff1612b7384ab4dd,HLA-only LOPO,1.0,immunogenicity_lopo,0.0262491846053,higher,predicted,patient_id,TESLA-1
tesla-d53377c149055aa5,HLA-only LOPO,1.0,immunogenicity_lopo,0.0262491846053,higher,predicted,patient_id,TESLA-1
tesla-757d7e4ff453f62b,HLA-only LOPO,1.0,immunogenicity_lopo,0.0262491846053,higher,predicted,patient_id,TESLA-1
tesla-e91168e4291a605e,HLA-only LOPO,1.0,immunogenicity_lopo,0.0593607305936,higher,predicted,patient_id,TESLA-1
tesla-094c84ffae1dad30,HLA-only LOPO,1.0,immunogenicity_lopo,0.0836647518044,higher,predicted,patient_id,TESLA-1
tesla-92dc7f94d479cfd8,HLA-only LOPO,1.0,immunogenicity_lopo,0.0262491846053,higher,predicted,patient_id,TESLA-1
tesla-3a11b33b31854db1,HLA-only LOPO,1.0,immunogenicity_lopo,0.0593607305936,higher,predicted,patient_id,TESLA-1
tesla-043642e747ec0ae6,HLA-only LOPO,1.0,immunogenicity_lopo,0.0262491846053,higher,predicted,patient_id,TESLA-1
tesla-c2a5ca55fc704fb5,HLA-only LOPO,1.0,immunogenicity_lopo,0.0836647518044,higher,predicted,patient_id,TESLA-1
tesla-5b7d93bbb1483902,HLA-only LOPO,1.0,immunogenicity_lopo,0.0262491846053,higher,predicted,patient_id,TESLA-1
tesla-c7b1b1d19fca3296,HLA-only LOPO,1.0,immunogenicity_lopo,0.0262491846053,higher,predicted,patient_id,TESLA-1
tesla-3e8678d57597be72,HLA-only LOPO,1.0,immunogenicity_lopo,0.0262491846053,higher,predicted,patient_id,TESLA-1
tesla-ad1165c60777d4d5,HLA-only LOPO,1.0,immunogenicity_lopo,0.0262491846053,higher,predicted,patient_id,TESLA-1
tesla-122798807b87fa7c,HLA-only LOPO,1.0,immunogenicity_lopo,0.0262491846053,higher,predicted,patient_id,TESLA-1
tesla-fd148449f5f5a274,HLA-only LOPO,1.0,immunogenicity_lopo,0.0262491846053,higher,predicted,patient_id,TESLA-1
tesla-a1226d352df69cdf,HLA-only LOPO,1.0,immunogenicity_lopo,0.0262491846053,higher,predicted,patient_id,TESLA-1
tesla-60a47fa115eec5c1,HLA-only LOPO,1.0,immunogenicity_lopo,0.0262491846053,higher,predicted,patient_id,TESLA-1
tesla-a0a36401dc9c1279,HLA-only LOPO,1.0,immunogenicity_lopo,0.0262491846053,higher,predicted,patient_id,TESLA-1
tesla-138a7da522432950,HLA-only LOPO,1.0,immunogenicity_lopo,0.0262491846053,higher,predicted,patient_id,TESLA-1
tesla-8dae54f83bb22934,HLA-only LOPO,1.0,immunogenicity_lopo,0.0262491846053,higher,predicted,patient_id,TESLA-1
tesla-fdc53556a90bf9b6,HLA-only LOPO,1.0,immunogenicity_lopo,0.0836647518044,higher,predicted,patient_id,TESLA-1
tesla-5f39b09d538f93ab,HLA-only LOPO,1.0,immunogenicity_lopo,0.0593607305936,higher,predicted,patient_id,TESLA-1
tesla-cc1bdf16d4b3df17,HLA-only LOPO,1.0,immunogenicity_lopo,0.0593607305936,higher,predicted,patient_id,TESLA-1
tesla-9355edea8b417e96,HLA-only LOPO,1.0,immunogenicity_lopo,0.0593607305936,higher,predicted,patient_id,TESLA-1
tesla-1d05186c82d7addd,HLA-only LOPO,1.0,immunogenicity_lopo,0.0836647518044,higher,predicted,patient_id,TESLA-1
tesla-f6505b9fc8747cc0,HLA-only LOPO,1.0,immunogenicity_lopo,0.0262491846053,higher,predicted,patient_id,TESLA-1
tesla-fbf4a9929b22a019,HLA-only LOPO,1.0,immunogenicity_lopo,0.0262491846053,higher,predicted,patient_id,TESLA-1
tesla-b882dc358947b0a1,HLA-only LOPO,1.0,immunogenicity_lopo,0.0262491846053,higher,predicted,patient_id,TESLA-1
tesla-5b0924e0b59db559,HLA-only LOPO,1.0,immunogenicity_lopo,0.0593607305936,higher,predicted,patient_id,TESLA-1
tesla-b06432164cbf4168,HLA-only LOPO,1.0,immunogenicity_lopo,0.0262491846053,higher,predicted,patient_id,TESLA-1
tesla-dca66a2387d7634d,HLA-only LOPO,1.0,immunogenicity_lopo,0.0836647518044,higher,predicted,patient_id,TESLA-1
tesla-8e4c4fdb25c716e3,HLA-only LOPO,1.0,immunogenicity_lopo,0.0262491846053,higher,predicted,patient_id,TESLA-1
tesla-357876cd834234e2,HLA-only LOPO,1.0,immunogenicity_lopo,0.0262491846053,higher,predicted,patient_id,TESLA-1
tesla-bea5c8ffa61a880b,HLA-only LOPO,1.0,immunogenicity_lopo,0.0593607305936,higher,predicted,patient_id,TESLA-1
tesla-6cecfb1cffa11176,HLA-only LOPO,1.0,immunogenicity_lopo,0.0593607305936,higher,predicted,patient_id,TESLA-1
tesla-8c88fc67e7221073,HLA-only LOPO,1.0,immunogenicity_lopo,0.0593607305936,higher,predicted,patient_id,TESLA-1
tesla-5b6f822d911e0134,HLA-only LOPO,1.0,immunogenicity_lopo,0.0593607305936,higher,predicted,patient_id,TESLA-1
tesla-519e959be5dda3a4,HLA-only LOPO,1.0,immunogenicity_lopo,0.0836647518044,higher,predicted,patient_id,TESLA-1
tesla-5945a265ace31a75,HLA-only LOPO,1.0,immunogenicity_lopo,0.0262491846053,higher,predicted,patient_id,TESLA-1
tesla-b9443cd1697dec23,HLA-only LOPO,1.0,immunogenicity_lopo,0.0262491846053,higher,predicted,patient_id,TESLA-1
tesla-7b518c43687a6787,HLA-only LOPO,1.0,immunogenicity_lopo,0.0262491846053,higher,predicted,patient_id,TESLA-1
tesla-a330a4ca2dfedf72,HLA-only LOPO,1.0,immunogenicity_lopo,0.0262491846053,higher,predicted,patient_id,TESLA-1
tesla-ff913064a135277d,HLA-only LOPO,1.0,immunogenicity_lopo,0.0262491846053,higher,predicted,patient_id,TESLA-1
tesla-dcb4b7a6d154b1b2,HLA-only LOPO,1.0,immunogenicity_lopo,0.0593607305936,higher,predicted,patient_id,TESLA-1
tesla-fa74d97b31e5ab38,HLA-only LOPO,1.0,immunogenicity_lopo,0.0204159755008,higher,predicted,patient_id,TESLA-10
tesla-08f3b3eb2d029098,HLA-only LOPO,1.0,immunogenicity_lopo,0.0204159755008,higher,predicted,patient_id,TESLA-10
tesla-f2a033907dea1a77,HLA-only LOPO,1.0,immunogenicity_lopo,0.0584187298975,higher,predicted,patient_id,TESLA-10
tesla-cd72a9710ffb0331,HLA-only LOPO,1.0,immunogenicity_lopo,0.0584187298975,higher,predicted,patient_id,TESLA-10
tesla-15d878de54dfa6bf,HLA-only LOPO,1.0,immunogenicity_lopo,0.0584187298975,higher,predicted,patient_id,TESLA-10
tesla-707eb38101757d13,HLA-only LOPO,1.0,immunogenicity_lopo,0.0584187298975,higher,predicted,patient_id,TESLA-10
tesla-7ee2680775e0f087,HLA-only LOPO,1.0,immunogenicity_lopo,0.0694143167028,higher,predicted,patient_id,TESLA-10
tesla-884de2e1da442dc6,HLA-only LOPO,1.0,immunogenicity_lopo,0.0694143167028,higher,predicted,patient_id,TESLA-10
tesla-ff3b7b4ff8a1bba1,HLA-only LOPO,1.0,immunogenicity_lopo,0.0694143167028,higher,predicted,patient_id,TESLA-10
tesla-96b058801c4154ef,HLA-only LOPO,1.0,immunogenicity_lopo,0.0694143167028,higher,predicted,patient_id,TESLA-10
tesla-dd84e5b169378f53,HLA-only LOPO,1.0,immunogenicity_lopo,0.0204159755008,higher,predicted,patient_id,TESLA-10
tesla-8fb3114d4994e26c,HLA-only LOPO,1.0,immunogenicity_lopo,0.0204159755008,higher,predicted,patient_id,TESLA-10
tesla-021f03fe576d86f9,HLA-only LOPO,1.0,immunogenicity_lopo,0.0204159755008,higher,predicted,patient_id,TESLA-10
tesla-63b1c974481b148b,HLA-only LOPO,1.0,immunogenicity_lopo,0.0204159755008,higher,predicted,patient_id,TESLA-10
tesla-981e28248f9246f2,HLA-only LOPO,1.0,immunogenicity_lopo,0.0584187298975,higher,predicted,patient_id,TESLA-10
tesla-ef58c8b33e6212bf,HLA-only LOPO,1.0,immunogenicity_lopo,0.0584187298975,higher,predicted,patient_id,TESLA-10
tesla-6d3804fd6d93af64,HLA-only LOPO,1.0,immunogenicity_lopo,0.0694143167028,higher,predicted,patient_id,TESLA-10
tesla-be6a2b03385c184e,HLA-only LOPO,1.0,immunogenicity_lopo,0.0584187298975,higher,predicted,patient_id,TESLA-10
tesla-f5731d778d7a0ce0,HLA-only LOPO,1.0,immunogenicity_lopo,0.0584187298975,higher,predicted,patient_id,TESLA-10
tesla-29765fd7849aba80,HLA-only LOPO,1.0,immunogenicity_lopo,0.0584187298975,higher,predicted,patient_id,TESLA-10
tesla-88e196ffd97f684f,HLA-only LOPO,1.0,immunogenicity_lopo,0.0204159755008,higher,predicted,patient_id,TESLA-10
tesla-39300fd8999b35be,HLA-only LOPO,1.0,immunogenicity_lopo,0.0584187298975,higher,predicted,patient_id,TESLA-10
tesla-37d9e1823cbcb557,HLA-only LOPO,1.0,immunogenicity_lopo,0.0584187298975,higher,predicted,patient_id,TESLA-10
tesla-9dfc6d2ea04c61b8,HLA-only LOPO,1.0,immunogenicity_lopo,0.0584187298975,higher,predicted,patient_id,TESLA-10
tesla-05bfe8a4d4ecda24,HLA-only LOPO,1.0,immunogenicity_lopo,0.0694143167028,higher,predicted,patient_id,TESLA-10
tesla-d8c52f9f1b1de019,HLA-only LOPO,1.0,immunogenicity_lopo,0.0204159755008,higher,predicted,patient_id,TESLA-10
tesla-40dc749ac30165d3,HLA-only LOPO,1.0,immunogenicity_lopo,0.0584187298975,higher,predicted,patient_id,TESLA-10
tesla-c386239f2963d9f0,HLA-only LOPO,1.0,immunogenicity_lopo,0.0584187298975,higher,predicted,patient_id,TESLA-10
tesla-10982ef2ecc4c390,HLA-only LOPO,1.0,immunogenicity_lopo,0.0694143167028,higher,predicted,patient_id,TESLA-10
tesla-f41b6caf8bdbd160,HLA-only LOPO,1.0,immunogenicity_lopo,0.0584187298975,higher,predicted,patient_id,TESLA-10
tesla-8f91df273d3e736f,HLA-only LOPO,1.0,immunogenicity_lopo,0.0694143167028,higher,predicted,patient_id,TESLA-10
tesla-bb9ef4d56904c047,HLA-only LOPO,1.0,immunogenicity_lopo,0.0694143167028,higher,predicted,patient_id,TESLA-10
tesla-a809fdcd4d9b2995,HLA-only LOPO,1.0,immunogenicity_lopo,0.0584187298975,higher,predicted,patient_id,TESLA-10
tesla-5009f7745e445ae4,HLA-only LOPO,1.0,immunogenicity_lopo,0.0584187298975,higher,predicted,patient_id,TESLA-10
tesla-7cd83bec265b9523,HLA-only LOPO,1.0,immunogenicity_lopo,0.0694143167028,higher,predicted,patient_id,TESLA-10
tesla-f244e81c48788c61,HLA-only LOPO,1.0,immunogenicity_lopo,0.0694143167028,higher,predicted,patient_id,TESLA-10
tesla-2dc3d4ca3466a72c,HLA-only LOPO,1.0,immunogenicity_lopo,0.0204159755008,higher,predicted,patient_id,TESLA-10
tesla-178a7a3aecd9f360,HLA-only LOPO,1.0,immunogenicity_lopo,0.0204159755008,higher,predicted,patient_id,TESLA-10
tesla-8842a802396bf3c0,HLA-only LOPO,1.0,immunogenicity_lopo,0.0694143167028,higher,predicted,patient_id,TESLA-10
tesla-670ed7e83f5470a2,HLA-only LOPO,1.0,immunogenicity_lopo,0.0204159755008,higher,predicted,patient_id,TESLA-10
tesla-0488fc73b2db3f3d,HLA-only LOPO,1.0,immunogenicity_lopo,0.0694143167028,higher,predicted,patient_id,TESLA-10
tesla-19d77c44af507ccd,HLA-only LOPO,1.0,immunogenicity_lopo,0.0694143167028,higher,predicted,patient_id,TESLA-10
tesla-08c9663aad176deb,HLA-only LOPO,1.0,immunogenicity_lopo,0.0694143167028,higher,predicted,patient_id,TESLA-10
tesla-bca6031992e8fbcd,HLA-only LOPO,1.0,immunogenicity_lopo,0.0204159755008,higher,predicted,patient_id,TESLA-10
tesla-ebcb63737f9e72b7,HLA-only LOPO,1.0,immunogenicity_lopo,0.0584187298975,higher,predicted,patient_id,TESLA-10
tesla-40bf3bc2f438636a,HLA-only LOPO,1.0,immunogenicity_lopo,0.0584187298975,higher,predicted,patient_id,TESLA-10
tesla-768fc8a00b2d1d2b,HLA-only LOPO,1.0,immunogenicity_lopo,0.0694143167028,higher,predicted,patient_id,TESLA-10
tesla-c6d598fbf345248d,HLA-only LOPO,1.0,immunogenicity_lopo,0.0694143167028,higher,predicted,patient_id,TESLA-10
tesla-477064c9b5a26b31,HLA-only LOPO,1.0,immunogenicity_lopo,0.0694143167028,higher,predicted,patient_id,TESLA-10
tesla-3f03c2e5a712aa14,HLA-only LOPO,1.0,immunogenicity_lopo,0.0584187298975,higher,predicted,patient_id,TESLA-10
tesla-a32b92f527366cf3,HLA-only LOPO,1.0,immunogenicity_lopo,0.0204159755008,higher,predicted,patient_id,TESLA-10
tesla-b1dba6429e4579c3,HLA-only LOPO,1.0,immunogenicity_lopo,0.0694143167028,higher,predicted,patient_id,TESLA-10
tesla-4d575877c20eb95f,HLA-only LOPO,1.0,immunogenicity_lopo,0.0694143167028,higher,predicted,patient_id,TESLA-10
tesla-a2b35a52907aa824,HLA-only LOPO,1.0,immunogenicity_lopo,0.0694143167028,higher,predicted,patient_id,TESLA-10
tesla-743ba95af68ca932,HLA-only LOPO,1.0,immunogenicity_lopo,0.0694143167028,higher,predicted,patient_id,TESLA-10
tesla-487cef6fa5560e41,HLA-only LOPO,1.0,immunogenicity_lopo,0.0694143167028,higher,predicted,patient_id,TESLA-10
tesla-bbf31bdc95777ce9,HLA-only LOPO,1.0,immunogenicity_lopo,0.0584187298975,higher,predicted,patient_id,TESLA-10
tesla-cea86752ce437511,HLA-only LOPO,1.0,immunogenicity_lopo,0.0584187298975,higher,predicted,patient_id,TESLA-10
tesla-6cb53c2487b004e6,HLA-only LOPO,1.0,immunogenicity_lopo,0.0584187298975,higher,predicted,patient_id,TESLA-10
tesla-386f16e3c74012d9,HLA-only LOPO,1.0,immunogenicity_lopo,0.179625449377,higher,predicted,patient_id,TESLA-12
tesla-2dd5563a70fcfc07,HLA-only LOPO,1.0,immunogenicity_lopo,0.0594431903687,higher,predicted,patient_id,TESLA-12
tesla-0a1f912ea1c28d50,HLA-only LOPO,1.0,immunogenicity_lopo,0.0594431903687,higher,predicted,patient_id,TESLA-12
tesla-7bb49170c1d6bff8,HLA-only LOPO,1.0,immunogenicity_lopo,0.0594431903687,higher,predicted,patient_id,TESLA-12
tesla-52b412d560f7e900,HLA-only LOPO,1.0,immunogenicity_lopo,0.0594431903687,higher,predicted,patient_id,TESLA-12
tesla-9fbec40b6b932c2d,HLA-only LOPO,1.0,immunogenicity_lopo,0.179625449377,higher,predicted,patient_id,TESLA-12
tesla-aee9f7a0ae659ec8,HLA-only LOPO,1.0,immunogenicity_lopo,0.0699774266366,higher,predicted,patient_id,TESLA-12
tesla-b53244d3088b4cf0,HLA-only LOPO,1.0,immunogenicity_lopo,0.0699774266366,higher,predicted,patient_id,TESLA-12
tesla-502e0e4ef0e6c777,HLA-only LOPO,1.0,immunogenicity_lopo,0.0699774266366,higher,predicted,patient_id,TESLA-12
tesla-711e7034b07ed89b,HLA-only LOPO,1.0,immunogenicity_lopo,0.179625449377,higher,predicted,patient_id,TESLA-12
tesla-fd4d59346074b4c9,HLA-only LOPO,1.0,immunogenicity_lopo,0.0594431903687,higher,predicted,patient_id,TESLA-12
tesla-b88c622bb0a03534,HLA-only LOPO,1.0,immunogenicity_lopo,0.179625449377,higher,predicted,patient_id,TESLA-12
tesla-d81b7a82c21aa79e,HLA-only LOPO,1.0,immunogenicity_lopo,0.0594431903687,higher,predicted,patient_id,TESLA-12
tesla-5637786164fc4bce,HLA-only LOPO,1.0,immunogenicity_lopo,0.0594431903687,higher,predicted,patient_id,TESLA-12
tesla-949065e1f253fc96,HLA-only LOPO,1.0,immunogenicity_lopo,0.179625449377,higher,predicted,patient_id,TESLA-12
tesla-d9914b684e7d427f,HLA-only LOPO,1.0,immunogenicity_lopo,0.179625449377,higher,predicted,patient_id,TESLA-12
tesla-d3e08d3798e9d81b,HLA-only LOPO,1.0,immunogenicity_lopo,0.0699774266366,higher,predicted,patient_id,TESLA-12
tesla-9207108c2ae6acf8,HLA-only LOPO,1.0,immunogenicity_lopo,0.0699774266366,higher,predicted,patient_id,TESLA-12
tesla-530261c459ee0a2c,HLA-only LOPO,1.0,immunogenicity_lopo,0.0699774266366,higher,predicted,patient_id,TESLA-12
tesla-4407412b1c9c9690,HLA-only LOPO,1.0,immunogenicity_lopo,0.179625449377,higher,predicted,patient_id,TESLA-12
tesla-006675f14b50a976,HLA-only LOPO,1.0,immunogenicity_lopo,0.0594431903687,higher,predicted,patient_id,TESLA-12
tesla-b139df5128801fcb,HLA-only LOPO,1.0,immunogenicity_lopo,0.0594431903687,higher,predicted,patient_id,TESLA-12
tesla-d7db8cd063a95dce,HLA-only LOPO,1.0,immunogenicity_lopo,0.0594431903687,higher,predicted,patient_id,TESLA-12
tesla-3612b043abcc40ed,HLA-only LOPO,1.0,immunogenicity_lopo,0.0699774266366,higher,predicted,patient_id,TESLA-12
tesla-523e16e0a507e84a,HLA-only LOPO,1.0,immunogenicity_lopo,0.0699774266366,higher,predicted,patient_id,TESLA-12
tesla-3c2d54765a409a86,HLA-only LOPO,1.0,immunogenicity_lopo,0.179625449377,higher,predicted,patient_id,TESLA-12
tesla-9c8e8cde5e3906a8,HLA-only LOPO,1.0,immunogenicity_lopo,0.0594431903687,higher,predicted,patient_id,TESLA-12
tesla-94b9b04acc7f6b6b,HLA-only LOPO,1.0,immunogenicity_lopo,0.0594431903687,higher,predicted,patient_id,TESLA-12
tesla-c8522577e24d932d,HLA-only LOPO,1.0,immunogenicity_lopo,0.0594431903687,higher,predicted,patient_id,TESLA-12
tesla-c57f99564709f058,HLA-only LOPO,1.0,immunogenicity_lopo,0.0594431903687,higher,predicted,patient_id,TESLA-12
tesla-88912e6c31fd5b42,HLA-only LOPO,1.0,immunogenicity_lopo,0.0594431903687,higher,predicted,patient_id,TESLA-12
tesla-00b09145723c594a,HLA-only LOPO,1.0,immunogenicity_lopo,0.0594431903687,higher,predicted,patient_id,TESLA-12
tesla-0e7b753619899870,HLA-only LOPO,1.0,immunogenicity_lopo,0.0699774266366,higher,predicted,patient_id,TESLA-12
tesla-1a6d78b250a1875f,HLA-only LOPO,1.0,immunogenicity_lopo,0.0594431903687,higher,predicted,patient_id,TESLA-12
tesla-7f29bdf3d8eba86b,HLA-only LOPO,1.0,immunogenicity_lopo,0.0699774266366,higher,predicted,patient_id,TESLA-12
tesla-f0b2b43c701ee888,HLA-only LOPO,1.0,immunogenicity_lopo,0.0699774266366,higher,predicted,patient_id,TESLA-12
tesla-95235f2880c56f3e,HLA-only LOPO,1.0,immunogenicity_lopo,0.0594431903687,higher,predicted,patient_id,TESLA-12
tesla-ea400f0301c730ea,HLA-only LOPO,1.0,immunogenicity_lopo,0.179625449377,higher,predicted,patient_id,TESLA-12
tesla-64d78323c3eb4fb8,HLA-only LOPO,1.0,immunogenicity_lopo,0.179625449377,higher,predicted,patient_id,TESLA-12
tesla-f7c927a05af6edbb,HLA-only LOPO,1.0,immunogenicity_lopo,0.0594431903687,higher,predicted,patient_id,TESLA-12
tesla-496b2f43aec7dc31,HLA-only LOPO,1.0,immunogenicity_lopo,0.0699774266366,higher,predicted,patient_id,TESLA-12
tesla-3f63ddf74dfae575,HLA-only LOPO,1.0,immunogenicity_lopo,0.0699774266366,higher,predicted,patient_id,TESLA-12
tesla-662fff53df039ca1,HLA-only LOPO,1.0,immunogenicity_lopo,0.179625449377,higher,predicted,patient_id,TESLA-12
tesla-329cd7d606d663d6,HLA-only LOPO,1.0,immunogenicity_lopo,0.179625449377,higher,predicted,patient_id,TESLA-12
tesla-c91d2ae56f8c298e,HLA-only LOPO,1.0,immunogenicity_lopo,0.0594431903687,higher,predicted,patient_id,TESLA-12
tesla-6f41b7116613d4ac,HLA-only LOPO,1.0,immunogenicity_lopo,0.0594431903687,higher,predicted,patient_id,TESLA-12
tesla-283e85b3ebe4d669,HLA-only LOPO,1.0,immunogenicity_lopo,0.0594431903687,higher,predicted,patient_id,TESLA-12
tesla-9ee2e3da26c7dfb4,HLA-only LOPO,1.0,immunogenicity_lopo,0.0594431903687,higher,predicted,patient_id,TESLA-12
tesla-1076f25cfd7ede75,HLA-only LOPO,1.0,immunogenicity_lopo,0.0594431903687,higher,predicted,patient_id,TESLA-12
tesla-600f5d0428e2fb75,HLA-only LOPO,1.0,immunogenicity_lopo,0.0699774266366,higher,predicted,patient_id,TESLA-12
tesla-e546f6c3107d4c9e,HLA-only LOPO,1.0,immunogenicity_lopo,0.0699774266366,higher,predicted,patient_id,TESLA-12
tesla-cdc9a36b348425a3,HLA-only LOPO,1.0,immunogenicity_lopo,0.0699774266366,higher,predicted,patient_id,TESLA-12
tesla-1bd413be788873be,HLA-only LOPO,1.0,immunogenicity_lopo,0.0699774266366,higher,predicted,patient_id,TESLA-12
tesla-f37e6bdca1f8d8cb,HLA-only LOPO,1.0,immunogenicity_lopo,0.179625449377,higher,predicted,patient_id,TESLA-12
tesla-dc5d545fc67f4abc,HLA-only LOPO,1.0,immunogenicity_lopo,0.0594431903687,higher,predicted,patient_id,TESLA-12
tesla-4673a647cd48d811,HLA-only LOPO,1.0,immunogenicity_lopo,0.0699774266366,higher,predicted,patient_id,TESLA-12
tesla-29468efdd22ae4be,HLA-only LOPO,1.0,immunogenicity_lopo,0.179625449377,higher,predicted,patient_id,TESLA-12
tesla-754c8549b59a8807,HLA-only LOPO,1.0,immunogenicity_lopo,0.179625449377,higher,predicted,patient_id,TESLA-12
tesla-93c62db265f0fb6c,HLA-only LOPO,1.0,immunogenicity_lopo,0.179625449377,higher,predicted,patient_id,TESLA-12
tesla-d1058235789bbd50,HLA-only LOPO,1.0,immunogenicity_lopo,0.179625449377,higher,predicted,patient_id,TESLA-12
tesla-95ff120c92075767,HLA-only LOPO,1.0,immunogenicity_lopo,0.179625449377,higher,predicted,patient_id,TESLA-12
tesla-c58342ee1466872c,HLA-only LOPO,1.0,immunogenicity_lopo,0.0594431903687,higher,predicted,patient_id,TESLA-12
tesla-26683cdc2b1d8c07,HLA-only LOPO,1.0,immunogenicity_lopo,0.179625449377,higher,predicted,patient_id,TESLA-12
tesla-d9e886fed17477a7,HLA-only LOPO,1.0,immunogenicity_lopo,0.0594431903687,higher,predicted,patient_id,TESLA-12
tesla-bc1b500cc5b2eb68,HLA-only LOPO,1.0,immunogenicity_lopo,0.0594431903687,higher,predicted,patient_id,TESLA-12
tesla-7eb2fd7a945f88ee,HLA-only LOPO,1.0,immunogenicity_lopo,0.0594431903687,higher,predicted,patient_id,TESLA-12
tesla-78c0cf081a7636c0,HLA-only LOPO,1.0,immunogenicity_lopo,0.0594431903687,higher,predicted,patient_id,TESLA-12
tesla-4866a5cef8927c73,HLA-only LOPO,1.0,immunogenicity_lopo,0.0699774266366,higher,predicted,patient_id,TESLA-12
tesla-dd8865f89dd1621b,HLA-only LOPO,1.0,immunogenicity_lopo,0.0699774266366,higher,predicted,patient_id,TESLA-12
tesla-7a968edac5bd3f32,HLA-only LOPO,1.0,immunogenicity_lopo,0.0699774266366,higher,predicted,patient_id,TESLA-12
tesla-db1e67feda020d59,HLA-only LOPO,1.0,immunogenicity_lopo,0.0594431903687,higher,predicted,patient_id,TESLA-12
tesla-a8f20a51ad5a9396,HLA-only LOPO,1.0,immunogenicity_lopo,0.0594431903687,higher,predicted,patient_id,TESLA-12
tesla-3b7e035b06b8cd67,HLA-only LOPO,1.0,immunogenicity_lopo,0.0594431903687,higher,predicted,patient_id,TESLA-12
tesla-ca108247777a3d7e,HLA-only LOPO,1.0,immunogenicity_lopo,0.0594431903687,higher,predicted,patient_id,TESLA-12
tesla-a9106bc2c7dbbf7b,HLA-only LOPO,1.0,immunogenicity_lopo,0.0594431903687,higher,predicted,patient_id,TESLA-12
tesla-670d9e5a04e64dbd,HLA-only LOPO,1.0,immunogenicity_lopo,0.0594431903687,higher,predicted,patient_id,TESLA-12
tesla-3c5911df901adda8,HLA-only LOPO,1.0,immunogenicity_lopo,0.0594431903687,higher,predicted,patient_id,TESLA-12
tesla-811451a25730b20f,HLA-only LOPO,1.0,immunogenicity_lopo,0.0718462823726,higher,predicted,patient_id,TESLA-16
tesla-94a43fa5863a4ca5,HLA-only LOPO,1.0,immunogenicity_lopo,0.0718462823726,higher,predicted,patient_id,TESLA-16
tesla-b015954bcb3f6586,HLA-only LOPO,1.0,immunogenicity_lopo,0.0675125313283,higher,predicted,patient_id,TESLA-16
tesla-0ff4e3192dbefaa4,HLA-only LOPO,1.0,immunogenicity_lopo,0.0718462823726,higher,predicted,patient_id,TESLA-16
tesla-3f63b8b609ca7634,HLA-only LOPO,1.0,immunogenicity_lopo,0.0718462823726,higher,predicted,patient_id,TESLA-16
tesla-9726ba3d6109f2ba,HLA-only LOPO,1.0,immunogenicity_lopo,0.0675125313283,higher,predicted,patient_id,TESLA-16
tesla-80bc767be73ea1bc,HLA-only LOPO,1.0,immunogenicity_lopo,0.0675125313283,higher,predicted,patient_id,TESLA-16
tesla-e094bd2dd2002cb6,HLA-only LOPO,1.0,immunogenicity_lopo,0.0675125313283,higher,predicted,patient_id,TESLA-16
tesla-ea7b82a492500220,HLA-only LOPO,1.0,immunogenicity_lopo,0.0675125313283,higher,predicted,patient_id,TESLA-16
tesla-4e86b6bb1f2ece6b,HLA-only LOPO,1.0,immunogenicity_lopo,0.0675125313283,higher,predicted,patient_id,TESLA-16
tesla-ba8a86ac124857a4,HLA-only LOPO,1.0,immunogenicity_lopo,0.0802005012531,higher,predicted,patient_id,TESLA-16
tesla-ab3edd194a545c61,HLA-only LOPO,1.0,immunogenicity_lopo,0.0802005012531,higher,predicted,patient_id,TESLA-16
tesla-d09363e761d27d4c,HLA-only LOPO,1.0,immunogenicity_lopo,0.0802005012531,higher,predicted,patient_id,TESLA-16
tesla-b80dff439d03b064,HLA-only LOPO,1.0,immunogenicity_lopo,0.0802005012531,higher,predicted,patient_id,TESLA-16
tesla-e065917829b11d53,HLA-only LOPO,1.0,immunogenicity_lopo,0.0675125313283,higher,predicted,patient_id,TESLA-16
tesla-c8b0427e2ffa9867,HLA-only LOPO,1.0,immunogenicity_lopo,0.0675125313283,higher,predicted,patient_id,TESLA-16
tesla-36618512c4bd0114,HLA-only LOPO,1.0,immunogenicity_lopo,0.0675125313283,higher,predicted,patient_id,TESLA-16
tesla-b7e360cb0fa71994,HLA-only LOPO,1.0,immunogenicity_lopo,0.0802005012531,higher,predicted,patient_id,TESLA-16
tesla-a95e798d80c71465,HLA-only LOPO,1.0,immunogenicity_lopo,0.0802005012531,higher,predicted,patient_id,TESLA-16
tesla-8046d855b64052a7,HLA-only LOPO,1.0,immunogenicity_lopo,0.0675125313283,higher,predicted,patient_id,TESLA-16
tesla-84c7b16cf792391c,HLA-only LOPO,1.0,immunogenicity_lopo,0.0802005012531,higher,predicted,patient_id,TESLA-16
tesla-2be8de7073fe63f1,HLA-only LOPO,1.0,immunogenicity_lopo,0.0802005012531,higher,predicted,patient_id,TESLA-16
tesla-db72265eb5b72816,HLA-only LOPO,1.0,immunogenicity_lopo,0.0718462823726,higher,predicted,patient_id,TESLA-16
tesla-a7d1007d32877185,HLA-only LOPO,1.0,immunogenicity_lopo,0.0802005012531,higher,predicted,patient_id,TESLA-16
tesla-fb30a985337df862,HLA-only LOPO,1.0,immunogenicity_lopo,0.0675125313283,higher,predicted,patient_id,TESLA-16
tesla-51ccc55c8bbd3602,HLA-only LOPO,1.0,immunogenicity_lopo,0.0675125313283,higher,predicted,patient_id,TESLA-16
tesla-b345366e4aa607b0,HLA-only LOPO,1.0,immunogenicity_lopo,0.0802005012531,higher,predicted,patient_id,TESLA-16
tesla-88fc31a0e1213b19,HLA-only LOPO,1.0,immunogenicity_lopo,0.0675125313283,higher,predicted,patient_id,TESLA-16
tesla-3a214d74eb79bc50,HLA-only LOPO,1.0,immunogenicity_lopo,0.0675125313283,higher,predicted,patient_id,TESLA-16
tesla-77cb58ab81bb789d,HLA-only LOPO,1.0,immunogenicity_lopo,0.0675125313283,higher,predicted,patient_id,TESLA-16
tesla-e6d913e93ea433e3,HLA-only LOPO,1.0,immunogenicity_lopo,0.0802005012531,higher,predicted,patient_id,TESLA-16
tesla-d3aac9df8960d51d,HLA-only LOPO,1.0,immunogenicity_lopo,0.0802005012531,higher,predicted,patient_id,TESLA-16
tesla-6739d2cdf2b72f67,HLA-only LOPO,1.0,immunogenicity_lopo,0.0802005012531,higher,predicted,patient_id,TESLA-16
tesla-267f84de8eb4961a,HLA-only LOPO,1.0,immunogenicity_lopo,0.0802005012531,higher,predicted,patient_id,TESLA-16
tesla-db90ce62c76c03c8,HLA-only LOPO,1.0,immunogenicity_lopo,0.0802005012531,higher,predicted,patient_id,TESLA-16
tesla-1b775d7f748f9ab5,HLA-only LOPO,1.0,immunogenicity_lopo,0.0802005012531,higher,predicted,patient_id,TESLA-16
tesla-7ae75dc4d93086dc,HLA-only LOPO,1.0,immunogenicity_lopo,0.0675125313283,higher,predicted,patient_id,TESLA-16
tesla-57d1ead662a3fe24,HLA-only LOPO,1.0,immunogenicity_lopo,0.0802005012531,higher,predicted,patient_id,TESLA-16
tesla-d830cdc4c29bcfc1,HLA-only LOPO,1.0,immunogenicity_lopo,0.0675125313283,higher,predicted,patient_id,TESLA-16
tesla-d3d67e792d98f313,HLA-only LOPO,1.0,immunogenicity_lopo,0.0675125313283,higher,predicted,patient_id,TESLA-16
tesla-ccfe8ac3891db90e,HLA-only LOPO,1.0,immunogenicity_lopo,0.0675125313283,higher,predicted,patient_id,TESLA-16
tesla-829a571f587a3c3f,HLA-only LOPO,1.0,immunogenicity_lopo,0.0675125313283,higher,predicted,patient_id,TESLA-16
tesla-f83a9d7c438d1027,HLA-only LOPO,1.0,immunogenicity_lopo,0.0802005012531,higher,predicted,patient_id,TESLA-16
tesla-0bbddcf324b2978c,HLA-only LOPO,1.0,immunogenicity_lopo,0.0802005012531,higher,predicted,patient_id,TESLA-16
tesla-164364ad91e7a290,HLA-only LOPO,1.0,immunogenicity_lopo,0.0802005012531,higher,predicted,patient_id,TESLA-16
tesla-fb8280028d8f818e,HLA-only LOPO,1.0,immunogenicity_lopo,0.0802005012531,higher,predicted,patient_id,TESLA-16
tesla-869d556b03be6cd0,HLA-only LOPO,1.0,immunogenicity_lopo,0.0675125313283,higher,predicted,patient_id,TESLA-16
tesla-49cd7b2abb10c0ef,HLA-only LOPO,1.0,immunogenicity_lopo,0.0675125313283,higher,predicted,patient_id,TESLA-16
tesla-c43a2270ef0c5c8b,HLA-only LOPO,1.0,immunogenicity_lopo,0.0675125313283,higher,predicted,patient_id,TESLA-16
tesla-abd4aaf37dce636b,HLA-only LOPO,1.0,immunogenicity_lopo,0.0675125313283,higher,predicted,patient_id,TESLA-16
tesla-aa03903f30887ce9,HLA-only LOPO,1.0,immunogenicity_lopo,0.0802005012531,higher,predicted,patient_id,TESLA-16
tesla-870ff574debe3307,HLA-only LOPO,1.0,immunogenicity_lopo,0.0675125313283,higher,predicted,patient_id,TESLA-16
tesla-680f8ac3a0ef9f47,HLA-only LOPO,1.0,immunogenicity_lopo,0.0675125313283,higher,predicted,patient_id,TESLA-16
tesla-82fe38cdb498ef4e,HLA-only LOPO,1.0,immunogenicity_lopo,0.0675125313283,higher,predicted,patient_id,TESLA-16
tesla-488fbb6c195b50cf,HLA-only LOPO,1.0,immunogenicity_lopo,0.0802005012531,higher,predicted,patient_id,TESLA-16
tesla-39f79a604e86ec51,HLA-only LOPO,1.0,immunogenicity_lopo,0.0802005012531,higher,predicted,patient_id,TESLA-16
tesla-9ec3c4daae20bf1e,HLA-only LOPO,1.0,immunogenicity_lopo,0.0802005012531,higher,predicted,patient_id,TESLA-16
tesla-2ff8e385f1b61e52,HLA-only LOPO,1.0,immunogenicity_lopo,0.0675125313283,higher,predicted,patient_id,TESLA-16
tesla-58d6d7843dafc8e7,HLA-only LOPO,1.0,immunogenicity_lopo,0.0675125313283,higher,predicted,patient_id,TESLA-16
tesla-3bae7292109664bf,HLA-only LOPO,1.0,immunogenicity_lopo,0.0675125313283,higher,predicted,patient_id,TESLA-16
tesla-213e622b14a989c2,HLA-only LOPO,1.0,immunogenicity_lopo,0.0718462823726,higher,predicted,patient_id,TESLA-16
tesla-6e0f0b48718ff145,HLA-only LOPO,1.0,immunogenicity_lopo,0.0802005012531,higher,predicted,patient_id,TESLA-16
tesla-4df10d27bdbe5363,HLA-only LOPO,1.0,immunogenicity_lopo,0.0675125313283,higher,predicted,patient_id,TESLA-16
tesla-bb86bf68c08e0751,HLA-only LOPO,1.0,immunogenicity_lopo,0.0802005012531,higher,predicted,patient_id,TESLA-16
tesla-65b298954ee124e5,HLA-only LOPO,1.0,immunogenicity_lopo,0.0675125313283,higher,predicted,patient_id,TESLA-16
tesla-4f244b7fd0bba28a,HLA-only LOPO,1.0,immunogenicity_lopo,0.0675125313283,higher,predicted,patient_id,TESLA-16
tesla-af3cf43c46458c15,HLA-only LOPO,1.0,immunogenicity_lopo,0.0802005012531,higher,predicted,patient_id,TESLA-16
tesla-bc5e38248c727a53,HLA-only LOPO,1.0,immunogenicity_lopo,0.0802005012531,higher,predicted,patient_id,TESLA-16
tesla-893607445eff978d,HLA-only LOPO,1.0,immunogenicity_lopo,0.0802005012531,higher,predicted,patient_id,TESLA-16
tesla-50599d2695c34b24,HLA-only LOPO,1.0,immunogenicity_lopo,0.0802005012531,higher,predicted,patient_id,TESLA-16
tesla-d05881069f8cb92b,HLA-only LOPO,1.0,immunogenicity_lopo,0.0802005012531,higher,predicted,patient_id,TESLA-16
tesla-a4a84f223c699d2e,HLA-only LOPO,1.0,immunogenicity_lopo,0.0802005012531,higher,predicted,patient_id,TESLA-16
tesla-13e8c2c513146a41,HLA-only LOPO,1.0,immunogenicity_lopo,0.0802005012531,higher,predicted,patient_id,TESLA-16
tesla-31bc9124d6ead903,HLA-only LOPO,1.0,immunogenicity_lopo,0.0675125313283,higher,predicted,patient_id,TESLA-16
tesla-076da5179e881e07,HLA-only LOPO,1.0,immunogenicity_lopo,0.0802005012531,higher,predicted,patient_id,TESLA-16
tesla-d0ffa2653b412ba8,HLA-only LOPO,1.0,immunogenicity_lopo,0.0718462823726,higher,predicted,patient_id,TESLA-16
tesla-4659342a3c392e69,HLA-only LOPO,1.0,immunogenicity_lopo,0.0718462823726,higher,predicted,patient_id,TESLA-16
tesla-a204ab0dd59a3b03,HLA-only LOPO,1.0,immunogenicity_lopo,0.0675125313283,higher,predicted,patient_id,TESLA-16
tesla-0e479537c5873995,HLA-only LOPO,1.0,immunogenicity_lopo,0.0675125313283,higher,predicted,patient_id,TESLA-16
tesla-6e7520a72ef497a9,HLA-only LOPO,1.0,immunogenicity_lopo,0.0675125313283,higher,predicted,patient_id,TESLA-16
tesla-33b3bd20c15a56a5,HLA-only LOPO,1.0,immunogenicity_lopo,0.0675125313283,higher,predicted,patient_id,TESLA-16
tesla-63383b682eb2a0c8,HLA-only LOPO,1.0,immunogenicity_lopo,0.0675125313283,higher,predicted,patient_id,TESLA-16
tesla-12b2081c2b2b347e,HLA-only LOPO,1.0,immunogenicity_lopo,0.0675125313283,higher,predicted,patient_id,TESLA-16
tesla-1ca1e23adb877b28,HLA-only LOPO,1.0,immunogenicity_lopo,0.0675125313283,higher,predicted,patient_id,TESLA-16
tesla-0f55211d5beb939e,HLA-only LOPO,1.0,immunogenicity_lopo,0.0802005012531,higher,predicted,patient_id,TESLA-16
tesla-511424736753a653,HLA-only LOPO,1.0,immunogenicity_lopo,0.0802005012531,higher,predicted,patient_id,TESLA-16
tesla-acf3c8f0e4b822c1,HLA-only LOPO,1.0,immunogenicity_lopo,0.0802005012531,higher,predicted,patient_id,TESLA-16
tesla-7ebc2601e9937f74,HLA-only LOPO,1.0,immunogenicity_lopo,0.0675125313283,higher,predicted,patient_id,TESLA-16
tesla-a82f47712095e8a1,HLA-only LOPO,1.0,immunogenicity_lopo,0.0802005012531,higher,predicted,patient_id,TESLA-16
tesla-c6b830eaed639a73,HLA-only LOPO,1.0,immunogenicity_lopo,0.0802005012531,higher,predicted,patient_id,TESLA-16
tesla-3007b5fb49470cd5,HLA-only LOPO,1.0,immunogenicity_lopo,0.0802005012531,higher,predicted,patient_id,TESLA-16
tesla-ce70d5c6880688a9,HLA-only LOPO,1.0,immunogenicity_lopo,0.0675125313283,higher,predicted,patient_id,TESLA-16
tesla-b89f4510aaba90cb,HLA-only LOPO,1.0,immunogenicity_lopo,0.0802005012531,higher,predicted,patient_id,TESLA-16
tesla-a9e22f9801f5c782,HLA-only LOPO,1.0,immunogenicity_lopo,0.0802005012531,higher,predicted,patient_id,TESLA-16
tesla-0e7b6b45fd457aa9,HLA-only LOPO,1.0,immunogenicity_lopo,0.0802005012531,higher,predicted,patient_id,TESLA-16
tesla-398d7e1fa42a0acc,HLA-only LOPO,1.0,immunogenicity_lopo,0.0802005012531,higher,predicted,patient_id,TESLA-16
tesla-6ae7037c43b6009f,HLA-only LOPO,1.0,immunogenicity_lopo,0.0802005012531,higher,predicted,patient_id,TESLA-16
tesla-7137553b408d0932,HLA-only LOPO,1.0,immunogenicity_lopo,0.0675125313283,higher,predicted,patient_id,TESLA-16
tesla-efa147c7cc9a823b,HLA-only LOPO,1.0,immunogenicity_lopo,0.0675125313283,higher,predicted,patient_id,TESLA-16
tesla-64ec3ccf9d2b2b30,HLA-only LOPO,1.0,immunogenicity_lopo,0.0675125313283,higher,predicted,patient_id,TESLA-16
tesla-970a7357bf9b09ef,HLA-only LOPO,1.0,immunogenicity_lopo,0.0802005012531,higher,predicted,patient_id,TESLA-16
tesla-49ee2e7e8707c6ff,HLA-only LOPO,1.0,immunogenicity_lopo,0.0802005012531,higher,predicted,patient_id,TESLA-16
tesla-eddf97f50032e38f,HLA-only LOPO,1.0,immunogenicity_lopo,0.0802005012531,higher,predicted,patient_id,TESLA-16
tesla-fa3efc8901c472a8,HLA-only LOPO,1.0,immunogenicity_lopo,0.0675125313283,higher,predicted,patient_id,TESLA-16
tesla-938bc208ad1598d9,HLA-only LOPO,1.0,immunogenicity_lopo,0.0675125313283,higher,predicted,patient_id,TESLA-16
tesla-3670ee78d7b8417b,HLA-only LOPO,1.0,immunogenicity_lopo,0.0802005012531,higher,predicted,patient_id,TESLA-16
tesla-172f1a0dfb599fb4,HLA-only LOPO,1.0,immunogenicity_lopo,0.0802005012531,higher,predicted,patient_id,TESLA-16
tesla-fa15fe24fa5cb3a5,HLA-only LOPO,1.0,immunogenicity_lopo,0.0675125313283,higher,predicted,patient_id,TESLA-16
tesla-bd131cb9f753fddd,HLA-only LOPO,1.0,immunogenicity_lopo,0.0802005012531,higher,predicted,patient_id,TESLA-16
tesla-8c7cd7a32a5fdf1f,HLA-only LOPO,1.0,immunogenicity_lopo,0.0802005012531,higher,predicted,patient_id,TESLA-16
tesla-51fbc88348f9cb0f,HLA-only LOPO,1.0,immunogenicity_lopo,0.0802005012531,higher,predicted,patient_id,TESLA-16
tesla-2e51b31d99d00310,HLA-only LOPO,1.0,immunogenicity_lopo,0.0675125313283,higher,predicted,patient_id,TESLA-16
tesla-26e79b660ed988e2,HLA-only LOPO,1.0,immunogenicity_lopo,0.0675125313283,higher,predicted,patient_id,TESLA-16
tesla-914001b771974f7c,HLA-only LOPO,1.0,immunogenicity_lopo,0.0675125313283,higher,predicted,patient_id,TESLA-16
tesla-0999479f810e534c,HLA-only LOPO,1.0,immunogenicity_lopo,0.0675125313283,higher,predicted,patient_id,TESLA-16
tesla-f7e9d8e0a691fdaa,HLA-only LOPO,1.0,immunogenicity_lopo,0.0675125313283,higher,predicted,patient_id,TESLA-16
tesla-f353d7b1f328c9db,HLA-only LOPO,1.0,immunogenicity_lopo,0.0675125313283,higher,predicted,patient_id,TESLA-16
tesla-91077326e26e8cc7,HLA-only LOPO,1.0,immunogenicity_lopo,0.0675125313283,higher,predicted,patient_id,TESLA-16
tesla-ca5ebbe868a48bb0,HLA-only LOPO,1.0,immunogenicity_lopo,0.0802005012531,higher,predicted,patient_id,TESLA-16
tesla-7962fc391826ef19,HLA-only LOPO,1.0,immunogenicity_lopo,0.0802005012531,higher,predicted,patient_id,TESLA-16
tesla-8b03fc0bfa560b08,HLA-only LOPO,1.0,immunogenicity_lopo,0.0675125313283,higher,predicted,patient_id,TESLA-16
tesla-23a7245cfc7c630d,HLA-only LOPO,1.0,immunogenicity_lopo,0.0666634282198,higher,predicted,patient_id,TESLA-2
tesla-c6e12a1f50fc3c5b,HLA-only LOPO,1.0,immunogenicity_lopo,0.0666634282198,higher,predicted,patient_id,TESLA-2
tesla-3d1030c872228db9,HLA-only LOPO,1.0,immunogenicity_lopo,0.0666634282198,higher,predicted,patient_id,TESLA-2
tesla-f2567604d699585b,HLA-only LOPO,1.0,immunogenicity_lopo,0.0881567909708,higher,predicted,patient_id,TESLA-2
tesla-52ad29d394722cf5,HLA-only LOPO,1.0,immunogenicity_lopo,0.0881567909708,higher,predicted,patient_id,TESLA-2
tesla-a0f441a41c35139b,HLA-only LOPO,1.0,immunogenicity_lopo,0.0666634282198,higher,predicted,patient_id,TESLA-2
tesla-7622a4d4d16abcfb,HLA-only LOPO,1.0,immunogenicity_lopo,0.0666634282198,higher,predicted,patient_id,TESLA-2
tesla-8f4aff001134adba,HLA-only LOPO,1.0,immunogenicity_lopo,0.0666634282198,higher,predicted,patient_id,TESLA-2
tesla-b1eb61a63109d519,HLA-only LOPO,1.0,immunogenicity_lopo,0.0666634282198,higher,predicted,patient_id,TESLA-2
tesla-c47746dd40e549e8,HLA-only LOPO,1.0,immunogenicity_lopo,0.0666634282198,higher,predicted,patient_id,TESLA-2
tesla-3e22854f0db9b1d3,HLA-only LOPO,1.0,immunogenicity_lopo,0.0666634282198,higher,predicted,patient_id,TESLA-2
tesla-9005293d83ee600f,HLA-only LOPO,1.0,immunogenicity_lopo,0.0666634282198,higher,predicted,patient_id,TESLA-2
tesla-e515f3967f0e7152,HLA-only LOPO,1.0,immunogenicity_lopo,0.0666634282198,higher,predicted,patient_id,TESLA-2
tesla-30197803d25aedf2,HLA-only LOPO,1.0,immunogenicity_lopo,0.0666634282198,higher,predicted,patient_id,TESLA-2
tesla-84d82b10b844cd28,HLA-only LOPO,1.0,immunogenicity_lopo,0.0666634282198,higher,predicted,patient_id,TESLA-2
tesla-518a79d42a5c8012,HLA-only LOPO,1.0,immunogenicity_lopo,0.0666634282198,higher,predicted,patient_id,TESLA-2
tesla-302f50bd0860b998,HLA-only LOPO,1.0,immunogenicity_lopo,0.0666634282198,higher,predicted,patient_id,TESLA-2
tesla-f20d0cf73bb54eaf,HLA-only LOPO,1.0,immunogenicity_lopo,0.0666634282198,higher,predicted,patient_id,TESLA-2
tesla-002df903f1597c6a,HLA-only LOPO,1.0,immunogenicity_lopo,0.0666634282198,higher,predicted,patient_id,TESLA-2
tesla-02f5c575c30d3f3f,HLA-only LOPO,1.0,immunogenicity_lopo,0.0881567909708,higher,predicted,patient_id,TESLA-2
tesla-d2c97ff362558ec4,HLA-only LOPO,1.0,immunogenicity_lopo,0.0881567909708,higher,predicted,patient_id,TESLA-2
tesla-2aa49e53e54a9257,HLA-only LOPO,1.0,immunogenicity_lopo,0.0666634282198,higher,predicted,patient_id,TESLA-2
tesla-3e9e8acace5e0ed1,HLA-only LOPO,1.0,immunogenicity_lopo,0.0666634282198,higher,predicted,patient_id,TESLA-2
tesla-c010afedceec59f7,HLA-only LOPO,1.0,immunogenicity_lopo,0.0732860520095,higher,predicted,patient_id,TESLA-2
tesla-1399aa93f8c4b4d4,HLA-only LOPO,1.0,immunogenicity_lopo,0.0881567909708,higher,predicted,patient_id,TESLA-2
tesla-3570b3e86f24b307,HLA-only LOPO,1.0,immunogenicity_lopo,0.0666634282198,higher,predicted,patient_id,TESLA-2
tesla-abdc8e22eb8a6090,HLA-only LOPO,1.0,immunogenicity_lopo,0.0881567909708,higher,predicted,patient_id,TESLA-2
tesla-c2f49b98b2d4e291,HLA-only LOPO,1.0,immunogenicity_lopo,0.0666634282198,higher,predicted,patient_id,TESLA-2
tesla-899bc1097631e3d3,HLA-only LOPO,1.0,immunogenicity_lopo,0.0881567909708,higher,predicted,patient_id,TESLA-2
tesla-79df8a2357f51008,HLA-only LOPO,1.0,immunogenicity_lopo,0.0732860520095,higher,predicted,patient_id,TESLA-2
tesla-8c58e2dc1c37abab,HLA-only LOPO,1.0,immunogenicity_lopo,0.0881567909708,higher,predicted,patient_id,TESLA-2
tesla-cebbbcaf86a17c99,HLA-only LOPO,1.0,immunogenicity_lopo,0.0666634282198,higher,predicted,patient_id,TESLA-2
tesla-413c3a68c932c424,HLA-only LOPO,1.0,immunogenicity_lopo,0.0666634282198,higher,predicted,patient_id,TESLA-2
tesla-44f8a2f62f3dcedb,HLA-only LOPO,1.0,immunogenicity_lopo,0.0881567909708,higher,predicted,patient_id,TESLA-2
tesla-e7351108a11cd491,HLA-only LOPO,1.0,immunogenicity_lopo,0.0732860520095,higher,predicted,patient_id,TESLA-2
tesla-a96e43e004e9fb45,HLA-only LOPO,1.0,immunogenicity_lopo,0.0666634282198,higher,predicted,patient_id,TESLA-2
tesla-f596903dcbce8d17,HLA-only LOPO,1.0,immunogenicity_lopo,0.0666634282198,higher,predicted,patient_id,TESLA-2
tesla-6ec43521112e60dd,HLA-only LOPO,1.0,immunogenicity_lopo,0.0666634282198,higher,predicted,patient_id,TESLA-2
tesla-abfc583e4340d0d3,HLA-only LOPO,1.0,immunogenicity_lopo,0.0666634282198,higher,predicted,patient_id,TESLA-2
tesla-701547bae65e35fc,HLA-only LOPO,1.0,immunogenicity_lopo,0.0666634282198,higher,predicted,patient_id,TESLA-2
tesla-d30ba1fe7fcf7d87,HLA-only LOPO,1.0,immunogenicity_lopo,0.0666634282198,higher,predicted,patient_id,TESLA-2
tesla-2e1f1adaa2c3742d,HLA-only LOPO,1.0,immunogenicity_lopo,0.0666634282198,higher,predicted,patient_id,TESLA-2
tesla-a5d9aa9ff16f4ca2,HLA-only LOPO,1.0,immunogenicity_lopo,0.0666634282198,higher,predicted,patient_id,TESLA-2
tesla-ac874e5ad5d599f7,HLA-only LOPO,1.0,immunogenicity_lopo,0.0732860520095,higher,predicted,patient_id,TESLA-2
tesla-ca9517ed687aa79b,HLA-only LOPO,1.0,immunogenicity_lopo,0.0666634282198,higher,predicted,patient_id,TESLA-2
tesla-fe23039966c3825a,HLA-only LOPO,1.0,immunogenicity_lopo,0.0732860520095,higher,predicted,patient_id,TESLA-2
tesla-d3c1f6692f9408bd,HLA-only LOPO,1.0,immunogenicity_lopo,0.0666634282198,higher,predicted,patient_id,TESLA-2
tesla-e92b04b2f83ad99d,HLA-only LOPO,1.0,immunogenicity_lopo,0.0666634282198,higher,predicted,patient_id,TESLA-2
tesla-bb0ddaaa753d2683,HLA-only LOPO,1.0,immunogenicity_lopo,0.0666634282198,higher,predicted,patient_id,TESLA-2
tesla-0bffdd09664c54fe,HLA-only LOPO,1.0,immunogenicity_lopo,0.0666634282198,higher,predicted,patient_id,TESLA-2
tesla-d9fa058b1d782127,HLA-only LOPO,1.0,immunogenicity_lopo,0.0881567909708,higher,predicted,patient_id,TESLA-2
tesla-0aafacd1338dac1f,HLA-only LOPO,1.0,immunogenicity_lopo,0.0666634282198,higher,predicted,patient_id,TESLA-2
tesla-cd491fe33e49da3f,HLA-only LOPO,1.0,immunogenicity_lopo,0.0666634282198,higher,predicted,patient_id,TESLA-2
tesla-48a3cd1dc67a809d,HLA-only LOPO,1.0,immunogenicity_lopo,0.0666634282198,higher,predicted,patient_id,TESLA-2
tesla-5c160c0ded770b0a,HLA-only LOPO,1.0,immunogenicity_lopo,0.0666634282198,higher,predicted,patient_id,TESLA-2
tesla-6d5eb855b68e8e1c,HLA-only LOPO,1.0,immunogenicity_lopo,0.0666634282198,higher,predicted,patient_id,TESLA-2
tesla-542ef15283a25dc9,HLA-only LOPO,1.0,immunogenicity_lopo,0.0666634282198,higher,predicted,patient_id,TESLA-2
tesla-8e18ef2819cc189f,HLA-only LOPO,1.0,immunogenicity_lopo,0.0666634282198,higher,predicted,patient_id,TESLA-2
tesla-812126bd809d38d8,HLA-only LOPO,1.0,immunogenicity_lopo,0.0666634282198,higher,predicted,patient_id,TESLA-2
tesla-758f9d67824b13e6,HLA-only LOPO,1.0,immunogenicity_lopo,0.0666634282198,higher,predicted,patient_id,TESLA-2
tesla-5e1d378a305e2caa,HLA-only LOPO,1.0,immunogenicity_lopo,0.0666634282198,higher,predicted,patient_id,TESLA-2
tesla-13218e5b4464c5ef,HLA-only LOPO,1.0,immunogenicity_lopo,0.0666634282198,higher,predicted,patient_id,TESLA-2
tesla-72fcb7e9d88bcc9e,HLA-only LOPO,1.0,immunogenicity_lopo,0.0881567909708,higher,predicted,patient_id,TESLA-2
tesla-482854d049a49b82,HLA-only LOPO,1.0,immunogenicity_lopo,0.0732860520095,higher,predicted,patient_id,TESLA-2
tesla-e693c49865f8f7db,HLA-only LOPO,1.0,immunogenicity_lopo,0.0881567909708,higher,predicted,patient_id,TESLA-2
tesla-9dcd2367716328b5,HLA-only LOPO,1.0,immunogenicity_lopo,0.0881567909708,higher,predicted,patient_id,TESLA-2
tesla-97d8322c57784c06,HLA-only LOPO,1.0,immunogenicity_lopo,0.0666634282198,higher,predicted,patient_id,TESLA-2
tesla-58bffe7f350a1f34,HLA-only LOPO,1.0,immunogenicity_lopo,0.0881567909708,higher,predicted,patient_id,TESLA-2
tesla-0ffcf1359cafb080,HLA-only LOPO,1.0,immunogenicity_lopo,0.0666634282198,higher,predicted,patient_id,TESLA-2
tesla-b2d20c6a720d4df9,HLA-only LOPO,1.0,immunogenicity_lopo,0.0881567909708,higher,predicted,patient_id,TESLA-2
tesla-730d6b5b4fa4e8b9,HLA-only LOPO,1.0,immunogenicity_lopo,0.0666634282198,higher,predicted,patient_id,TESLA-2
tesla-c403cd5f62d7cd8a,HLA-only LOPO,1.0,immunogenicity_lopo,0.0666634282198,higher,predicted,patient_id,TESLA-2
tesla-60a0f2c4fc133585,HLA-only LOPO,1.0,immunogenicity_lopo,0.0881567909708,higher,predicted,patient_id,TESLA-2
tesla-5203cefdbf15c1f3,HLA-only LOPO,1.0,immunogenicity_lopo,0.0666634282198,higher,predicted,patient_id,TESLA-2
tesla-8053cd87ef16777c,HLA-only LOPO,1.0,immunogenicity_lopo,0.0666634282198,higher,predicted,patient_id,TESLA-2
tesla-a8b5e9f61ba48d60,HLA-only LOPO,1.0,immunogenicity_lopo,0.0666634282198,higher,predicted,patient_id,TESLA-2
tesla-7ac2020f9181a898,HLA-only LOPO,1.0,immunogenicity_lopo,0.0732860520095,higher,predicted,patient_id,TESLA-2
tesla-0fca81ace0ceac20,HLA-only LOPO,1.0,immunogenicity_lopo,0.0666634282198,higher,predicted,patient_id,TESLA-2
tesla-0351df9d0257e2d0,HLA-only LOPO,1.0,immunogenicity_lopo,0.0666634282198,higher,predicted,patient_id,TESLA-2
tesla-7e9e2704939136b5,HLA-only LOPO,1.0,immunogenicity_lopo,0.0666634282198,higher,predicted,patient_id,TESLA-2
tesla-d16f90f15d17f677,HLA-only LOPO,1.0,immunogenicity_lopo,0.0881567909708,higher,predicted,patient_id,TESLA-2
tesla-e77fdf5d5f36a7a0,HLA-only LOPO,1.0,immunogenicity_lopo,0.0666634282198,higher,predicted,patient_id,TESLA-2
tesla-960de04fb7813ba5,HLA-only LOPO,1.0,immunogenicity_lopo,0.0666634282198,higher,predicted,patient_id,TESLA-2
tesla-b0ecd6bb66b3830f,HLA-only LOPO,1.0,immunogenicity_lopo,0.0666634282198,higher,predicted,patient_id,TESLA-2
tesla-43ca8ac4eb634d30,HLA-only LOPO,1.0,immunogenicity_lopo,0.0666634282198,higher,predicted,patient_id,TESLA-2
tesla-367560a2be7ddd62,HLA-only LOPO,1.0,immunogenicity_lopo,0.0666634282198,higher,predicted,patient_id,TESLA-2
tesla-691bf8ab05da8630,HLA-only LOPO,1.0,immunogenicity_lopo,0.0666634282198,higher,predicted,patient_id,TESLA-2
tesla-107b9f6d81604fbc,HLA-only LOPO,1.0,immunogenicity_lopo,0.0881567909708,higher,predicted,patient_id,TESLA-2
tesla-943080cfe0f42167,HLA-only LOPO,1.0,immunogenicity_lopo,0.0666634282198,higher,predicted,patient_id,TESLA-2
tesla-88826e30ecbfb925,HLA-only LOPO,1.0,immunogenicity_lopo,0.0666634282198,higher,predicted,patient_id,TESLA-2
tesla-0f6b8bf837930ba5,HLA-only LOPO,1.0,immunogenicity_lopo,0.0666634282198,higher,predicted,patient_id,TESLA-2
tesla-5d89e995634832c4,HLA-only LOPO,1.0,immunogenicity_lopo,0.0666634282198,higher,predicted,patient_id,TESLA-2
tesla-f0566689b5917202,HLA-only LOPO,1.0,immunogenicity_lopo,0.0666634282198,higher,predicted,patient_id,TESLA-2
tesla-8cf0202e666a5899,HLA-only LOPO,1.0,immunogenicity_lopo,0.0666634282198,higher,predicted,patient_id,TESLA-2
tesla-16d9b2aa10f5924b,HLA-only LOPO,1.0,immunogenicity_lopo,0.0666634282198,higher,predicted,patient_id,TESLA-2
tesla-b3227ba01ef20171,HLA-only LOPO,1.0,immunogenicity_lopo,0.0666634282198,higher,predicted,patient_id,TESLA-2
tesla-00bc6f2cac299c83,HLA-only LOPO,1.0,immunogenicity_lopo,0.0881567909708,higher,predicted,patient_id,TESLA-2
tesla-09c75dda68cce6a4,HLA-only LOPO,1.0,immunogenicity_lopo,0.0526732046821,higher,predicted,patient_id,TESLA-3
tesla-390e545bf66addec,HLA-only LOPO,1.0,immunogenicity_lopo,0.0159855435085,higher,predicted,patient_id,TESLA-3
tesla-6c12208bc4d61b26,HLA-only LOPO,1.0,immunogenicity_lopo,0.0526732046821,higher,predicted,patient_id,TESLA-3
tesla-0415b3021b9b7288,HLA-only LOPO,1.0,immunogenicity_lopo,0.0526732046821,higher,predicted,patient_id,TESLA-3
tesla-b9c11fd22640f12f,HLA-only LOPO,1.0,immunogenicity_lopo,0.0526732046821,higher,predicted,patient_id,TESLA-3
tesla-550c640a5a7f92dc,HLA-only LOPO,1.0,immunogenicity_lopo,0.0526732046821,higher,predicted,patient_id,TESLA-3
tesla-e92b6a3eb739c310,HLA-only LOPO,1.0,immunogenicity_lopo,0.0526732046821,higher,predicted,patient_id,TESLA-3
tesla-84e77c8fbfb0b078,HLA-only LOPO,1.0,immunogenicity_lopo,0.0526732046821,higher,predicted,patient_id,TESLA-3
tesla-c0b217f6478ca11f,HLA-only LOPO,1.0,immunogenicity_lopo,0.0526732046821,higher,predicted,patient_id,TESLA-3
tesla-bacd3de6f5da5444,HLA-only LOPO,1.0,immunogenicity_lopo,0.0526732046821,higher,predicted,patient_id,TESLA-3
tesla-18b5e2d9169bd816,HLA-only LOPO,1.0,immunogenicity_lopo,0.0526732046821,higher,predicted,patient_id,TESLA-3
tesla-b0c6d603ac92feac,HLA-only LOPO,1.0,immunogenicity_lopo,0.0159855435085,higher,predicted,patient_id,TESLA-3
tesla-cf7df873a0a40972,HLA-only LOPO,1.0,immunogenicity_lopo,0.0526732046821,higher,predicted,patient_id,TESLA-3
tesla-b088aab9567f48df,HLA-only LOPO,1.0,immunogenicity_lopo,0.0159855435085,higher,predicted,patient_id,TESLA-3
tesla-db7f5803dda8e56f,HLA-only LOPO,1.0,immunogenicity_lopo,0.0159855435085,higher,predicted,patient_id,TESLA-3
tesla-c25f4d4c3360ae73,HLA-only LOPO,1.0,immunogenicity_lopo,0.0159855435085,higher,predicted,patient_id,TESLA-3
tesla-0d75c0484ddeea63,HLA-only LOPO,1.0,immunogenicity_lopo,0.0526732046821,higher,predicted,patient_id,TESLA-3
tesla-fa5a4a5cd6442e3c,HLA-only LOPO,1.0,immunogenicity_lopo,0.0526732046821,higher,predicted,patient_id,TESLA-3
tesla-ea6eeeb4b8acfcc0,HLA-only LOPO,1.0,immunogenicity_lopo,0.0159855435085,higher,predicted,patient_id,TESLA-3
tesla-d7de1007771a3ab0,HLA-only LOPO,1.0,immunogenicity_lopo,0.0159855435085,higher,predicted,patient_id,TESLA-3
tesla-ebefda3a7389c450,HLA-only LOPO,1.0,immunogenicity_lopo,0.0526732046821,higher,predicted,patient_id,TESLA-3
tesla-88d5e7ee0509713d,HLA-only LOPO,1.0,immunogenicity_lopo,0.0526732046821,higher,predicted,patient_id,TESLA-3
tesla-8ada7f3373db5143,HLA-only LOPO,1.0,immunogenicity_lopo,0.0526732046821,higher,predicted,patient_id,TESLA-3
tesla-f6b819e353c537a1,HLA-only LOPO,1.0,immunogenicity_lopo,0.0526732046821,higher,predicted,patient_id,TESLA-3
tesla-b11672d0e5180e77,HLA-only LOPO,1.0,immunogenicity_lopo,0.0526732046821,higher,predicted,patient_id,TESLA-3
tesla-9947ed60df2d48ec,HLA-only LOPO,1.0,immunogenicity_lopo,0.0526732046821,higher,predicted,patient_id,TESLA-3
tesla-198cba0deae93143,HLA-only LOPO,1.0,immunogenicity_lopo,0.0526732046821,higher,predicted,patient_id,TESLA-3
tesla-d809c92e22a12a35,HLA-only LOPO,1.0,immunogenicity_lopo,0.0526732046821,higher,predicted,patient_id,TESLA-3
tesla-56fd1cee9e887221,HLA-only LOPO,1.0,immunogenicity_lopo,0.0526732046821,higher,predicted,patient_id,TESLA-3
tesla-3b6fda9fd92a20a6,HLA-only LOPO,1.0,immunogenicity_lopo,0.0159855435085,higher,predicted,patient_id,TESLA-3
tesla-7db8d48d3803c539,HLA-only LOPO,1.0,immunogenicity_lopo,0.0526732046821,higher,predicted,patient_id,TESLA-3
tesla-aa9f1ed82c7fb51d,HLA-only LOPO,1.0,immunogenicity_lopo,0.0526732046821,higher,predicted,patient_id,TESLA-3
tesla-f08ce9be7f64f683,HLA-only LOPO,1.0,immunogenicity_lopo,0.0526732046821,higher,predicted,patient_id,TESLA-3
tesla-2f6e852426eb8236,HLA-only LOPO,1.0,immunogenicity_lopo,0.0526732046821,higher,predicted,patient_id,TESLA-3
tesla-a9e85c51d7cb5e1d,HLA-only LOPO,1.0,immunogenicity_lopo,0.0526732046821,higher,predicted,patient_id,TESLA-3
tesla-1c69da6d92bd81b0,HLA-only LOPO,1.0,immunogenicity_lopo,0.0526732046821,higher,predicted,patient_id,TESLA-3
tesla-804d1b5488a55314,HLA-only LOPO,1.0,immunogenicity_lopo,0.0526732046821,higher,predicted,patient_id,TESLA-3
tesla-c25c16aa479c60a2,HLA-only LOPO,1.0,immunogenicity_lopo,0.0526732046821,higher,predicted,patient_id,TESLA-3
tesla-4a41be41cf77f4c1,HLA-only LOPO,1.0,immunogenicity_lopo,0.0526732046821,higher,predicted,patient_id,TESLA-3
tesla-60a0cfb066a9c260,HLA-only LOPO,1.0,immunogenicity_lopo,0.0526732046821,higher,predicted,patient_id,TESLA-3
tesla-dc307fa306395f7e,HLA-only LOPO,1.0,immunogenicity_lopo,0.0526732046821,higher,predicted,patient_id,TESLA-3
tesla-bf47b0d472ab8c4a,HLA-only LOPO,1.0,immunogenicity_lopo,0.0526732046821,higher,predicted,patient_id,TESLA-3
tesla-1a4235496b8dee6b,HLA-only LOPO,1.0,immunogenicity_lopo,0.0526732046821,higher,predicted,patient_id,TESLA-3
tesla-9ce1f67d6f5ad9b2,HLA-only LOPO,1.0,immunogenicity_lopo,0.0526732046821,higher,predicted,patient_id,TESLA-3
tesla-df51da780ddc3949,HLA-only LOPO,1.0,immunogenicity_lopo,0.0526732046821,higher,predicted,patient_id,TESLA-3
tesla-d83a5bb5077834c5,HLA-only LOPO,1.0,immunogenicity_lopo,0.0526732046821,higher,predicted,patient_id,TESLA-3
tesla-5289a043c21801c3,HLA-only LOPO,1.0,immunogenicity_lopo,0.0526732046821,higher,predicted,patient_id,TESLA-3
tesla-2a7e2c5d6cd56daa,HLA-only LOPO,1.0,immunogenicity_lopo,0.0526732046821,higher,predicted,patient_id,TESLA-3
tesla-99df28dcdc7c6017,HLA-only LOPO,1.0,immunogenicity_lopo,0.0526732046821,higher,predicted,patient_id,TESLA-3
tesla-3c24dab72dee4d87,HLA-only LOPO,1.0,immunogenicity_lopo,0.0526732046821,higher,predicted,patient_id,TESLA-3
tesla-9b826e9d1c6f1b94,HLA-only LOPO,1.0,immunogenicity_lopo,0.0526732046821,higher,predicted,patient_id,TESLA-3
tesla-a2a3770950156380,HLA-only LOPO,1.0,immunogenicity_lopo,0.0159855435085,higher,predicted,patient_id,TESLA-3
tesla-01eea576f0a535bb,HLA-only LOPO,1.0,immunogenicity_lopo,0.0159855435085,higher,predicted,patient_id,TESLA-3
tesla-5c203171205a1c86,HLA-only LOPO,1.0,immunogenicity_lopo,0.0526732046821,higher,predicted,patient_id,TESLA-3
tesla-72584ffd003ede92,HLA-only LOPO,1.0,immunogenicity_lopo,0.0159855435085,higher,predicted,patient_id,TESLA-3
tesla-38ef878428053ffb,HLA-only LOPO,1.0,immunogenicity_lopo,0.0159855435085,higher,predicted,patient_id,TESLA-3
tesla-386365e5fc59a831,HLA-only LOPO,1.0,immunogenicity_lopo,0.0526732046821,higher,predicted,patient_id,TESLA-3
tesla-24a69c1924adcbe3,HLA-only LOPO,1.0,immunogenicity_lopo,0.0159855435085,higher,predicted,patient_id,TESLA-3
tesla-958d2c6428d278fe,HLA-only LOPO,1.0,immunogenicity_lopo,0.0159855435085,higher,predicted,patient_id,TESLA-3
tesla-66e04f77cad9d6f0,HLA-only LOPO,1.0,immunogenicity_lopo,0.0526732046821,higher,predicted,patient_id,TESLA-3
tesla-02322e4968bedf33,HLA-only LOPO,1.0,immunogenicity_lopo,0.0526732046821,higher,predicted,patient_id,TESLA-3
tesla-6e7a48174013cfcd,HLA-only LOPO,1.0,immunogenicity_lopo,0.0526732046821,higher,predicted,patient_id,TESLA-3
tesla-55a9c95ade8a24b9,HLA-only LOPO,1.0,immunogenicity_lopo,0.0526732046821,higher,predicted,patient_id,TESLA-3
tesla-bc5911bd9ab9aaaf,HLA-only LOPO,1.0,immunogenicity_lopo,0.0526732046821,higher,predicted,patient_id,TESLA-3
tesla-7976ecc1d2c0a15c,HLA-only LOPO,1.0,immunogenicity_lopo,0.0159855435085,higher,predicted,patient_id,TESLA-3
tesla-7aaea6001247b62e,HLA-only LOPO,1.0,immunogenicity_lopo,0.0526732046821,higher,predicted,patient_id,TESLA-3
tesla-dea8cba08fb3b7f3,HLA-only LOPO,1.0,immunogenicity_lopo,0.0526732046821,higher,predicted,patient_id,TESLA-3
tesla-9d3b734f919d15cc,HLA-only LOPO,1.0,immunogenicity_lopo,0.0526732046821,higher,predicted,patient_id,TESLA-3
tesla-e2b007b20c3aed3e,HLA-only LOPO,1.0,immunogenicity_lopo,0.0526732046821,higher,predicted,patient_id,TESLA-3
tesla-773775992758861d,HLA-only LOPO,1.0,immunogenicity_lopo,0.0526732046821,higher,predicted,patient_id,TESLA-3
tesla-afe63a1aadefd48e,HLA-only LOPO,1.0,immunogenicity_lopo,0.0526732046821,higher,predicted,patient_id,TESLA-3
tesla-fd6b15e3ae376003,HLA-only LOPO,1.0,immunogenicity_lopo,0.0526732046821,higher,predicted,patient_id,TESLA-3
tesla-9e6bceb3b6e70e70,HLA-only LOPO,1.0,immunogenicity_lopo,0.0526732046821,higher,predicted,patient_id,TESLA-3
tesla-cd4bbdb2eb642ffd,HLA-only LOPO,1.0,immunogenicity_lopo,0.0159855435085,higher,predicted,patient_id,TESLA-3
tesla-9116022f628d089d,HLA-only LOPO,1.0,immunogenicity_lopo,0.0526732046821,higher,predicted,patient_id,TESLA-3
tesla-70d138a9bfb6c219,HLA-only LOPO,1.0,immunogenicity_lopo,0.0526732046821,higher,predicted,patient_id,TESLA-3
tesla-08e75c07de7a0d0d,HLA-only LOPO,1.0,immunogenicity_lopo,0.0159855435085,higher,predicted,patient_id,TESLA-3
tesla-a078fc1bc09ce8b8,HLA-only LOPO,1.0,immunogenicity_lopo,0.0159855435085,higher,predicted,patient_id,TESLA-3
tesla-3c806228cf7fafcb,HLA-only LOPO,1.0,immunogenicity_lopo,0.0526732046821,higher,predicted,patient_id,TESLA-3
tesla-31ecfe867b7d89f1,HLA-only LOPO,1.0,immunogenicity_lopo,0.0526732046821,higher,predicted,patient_id,TESLA-3
tesla-efb705bd7510a1a6,HLA-only LOPO,1.0,immunogenicity_lopo,0.0159855435085,higher,predicted,patient_id,TESLA-3
tesla-8d3e474a86832f04,HLA-only LOPO,1.0,immunogenicity_lopo,0.0526732046821,higher,predicted,patient_id,TESLA-3
tesla-ec7b81c319eec0f2,HLA-only LOPO,1.0,immunogenicity_lopo,0.0526732046821,higher,predicted,patient_id,TESLA-3
tesla-e04d58aeec014259,HLA-only LOPO,1.0,immunogenicity_lopo,0.0526732046821,higher,predicted,patient_id,TESLA-3
